id,symbol,plan_id,plan_version,session,read_at_ms,level_price,level_kind,label,rank,seated,cut_reason,score,threshold,grade,score_components,created_at,read_ct
1,MNQ,2026-09-03:ASIA,5,ASIA,1788499854769,29622.17165419221,VWAP±2σ,VWAP+2σ,1,1,,1.36,1.2800000000000002,A,{},2026-09-04T00:30:54.846481-05:00,2026-09-04T00:30:54.769000-05:00
2,MNQ,2026-09-03:ASIA,5,ASIA,1788499854769,29633.25,OB,OB(bull)·1h,2,1,,1.4784000000000002,1.2800000000000002,A,{},2026-09-04T00:30:54.846481-05:00,2026-09-04T00:30:54.769000-05:00
3,MNQ,2026-09-03:ASIA,5,ASIA,1788499854769,29633.25,DEMAND,Demand·1h,3,1,,1.3728,1.2800000000000002,A,{},2026-09-04T00:30:54.846481-05:00,2026-09-04T00:30:54.769000-05:00
4,MNQ,2026-09-03:ASIA,5,ASIA,1788499854769,29601.0,PDH,PDH,4,1,,1.92,1.2800000000000002,A,{},2026-09-04T00:30:54.846481-05:00,2026-09-04T00:30:54.769000-05:00
5,MNQ,2026-09-03:ASIA,5,ASIA,1788499854769,29643.5,ONH,ONH,5,1,,1.36,1.2800000000000002,A,{},2026-09-04T00:30:54.846481-05:00,2026-09-04T00:30:54.769000-05:00
6,MNQ,2026-09-03:ASIA,5,ASIA,1788499854769,29597.25,PDC,PDC,6,1,,1.92,1.2800000000000002,A,{},2026-09-04T00:30:54.846481-05:00,2026-09-04T00:30:54.769000-05:00
7,MNQ,2026-09-03:ASIA,5,ASIA,1788499854769,29585.0,RTH-H,RTH-H,7,1,,1.2800000000000002,1.2800000000000002,A,{},2026-09-04T00:30:54.846481-05:00,2026-09-04T00:30:54.769000-05:00
8,MNQ,2026-09-03:ASIA,5,ASIA,1788499854769,29579.5,SWG-H,SWG-H·5m,8,1,,1.36,1.2800000000000002,A,{},2026-09-04T00:30:54.846481-05:00,2026-09-04T00:30:54.769000-05:00
9,MNQ,2026-09-03:ASIA,5,ASIA,1788499854769,29568.5,SWG-H,SWG-H·5m,9,1,,1.36,1.2800000000000002,A,{},2026-09-04T00:30:54.846481-05:00,2026-09-04T00:30:54.769000-05:00
10,MNQ,2026-09-03:ASIA,5,ASIA,1788499854769,29557.0,SWG-L,SWG-L·5m,0,0,"max_levels: 12 seated, cap 12",0.0,1.2800000000000002,,{},2026-09-04T00:30:54.846481-05:00,2026-09-04T00:30:54.769000-05:00
11,MNQ,2026-09-03:ASIA,5,ASIA,1788499854769,29715.75,OB,OB(bull)·1h,0,0,"max_levels: 12 seated, cap 12",0.0,1.2800000000000002,,{},2026-09-04T00:30:54.846481-05:00,2026-09-04T00:30:54.769000-05:00
12,MNQ,2026-09-03:ASIA,5,ASIA,1788499854769,29509.089576892293,VWAP,VWAP−1σ,10,1,,1.4400000000000002,1.2800000000000002,A,{},2026-09-04T00:30:54.846481-05:00,2026-09-04T00:30:54.769000-05:00
13,MNQ,2026-09-03:ASIA,5,ASIA,1788499854769,29490.875,OB,OB(bull)·1h,11,1,,1.6800000000000002,1.2800000000000002,A,{},2026-09-04T00:30:54.846481-05:00,2026-09-04T00:30:54.769000-05:00
14,MNQ,2026-09-03:ASIA,5,ASIA,1788499854769,29754.5,SUPPLY,Supply·1h,0,0,"max_levels: 12 seated, cap 12",0.0,1.2800000000000002,,{},2026-09-04T00:30:54.846481-05:00,2026-09-04T00:30:54.769000-05:00
15,MNQ,2026-09-03:ASIA,5,ASIA,1788499854769,29761.625,OB,OB(bear)·1h,0,0,"max_levels: 12 seated, cap 12",0.0,1.2800000000000002,,{},2026-09-04T00:30:54.846481-05:00,2026-09-04T00:30:54.769000-05:00
16,MNQ,2026-09-03:ASIA,5,ASIA,1788499854769,29481.5,ONL,ONL,12,1,,1.36,1.2800000000000002,A,{},2026-09-04T00:30:54.846481-05:00,2026-09-04T00:30:54.769000-05:00
17,MNQ,2026-09-03:ASIA,5,ASIA,1788499854769,29845.25,OB,OB(bear)·1h,0,0,"max_levels: 12 seated, cap 12",0.0,1.2800000000000002,,{},2026-09-04T00:30:54.846481-05:00,2026-09-04T00:30:54.769000-05:00
18,MNQ,2026-09-03:ASIA,5,ASIA,1788499854769,29848.75,SUPPLY,Supply·1h,0,0,"max_levels: 12 seated, cap 12",0.0,1.2800000000000002,,{},2026-09-04T00:30:54.846481-05:00,2026-09-04T00:30:54.769000-05:00
19,MNQ,2026-09-03:ASIA,5,ASIA,1788499854769,29852.375,DEMAND,Demand·4h,0,0,"max_levels: 12 seated, cap 12",0.0,1.2800000000000002,,{},2026-09-04T00:30:54.846481-05:00,2026-09-04T00:30:54.769000-05:00
20,MNQ,2026-09-03:ASIA,5,ASIA,1788499854769,29854.0,DEMAND,Demand·1h,0,0,"max_levels: 12 seated, cap 12",0.0,1.2800000000000002,,{},2026-09-04T00:30:54.846481-05:00,2026-09-04T00:30:54.769000-05:00
21,MNQ,2026-09-03:ASIA,5,ASIA,1788499854769,29863.5,OB,OB(bull)·4h,0,0,"max_levels: 12 seated, cap 12",0.0,1.2800000000000002,,{},2026-09-04T00:30:54.846481-05:00,2026-09-04T00:30:54.769000-05:00
22,MNQ,2026-09-03:ASIA,5,ASIA,1788499854769,29875.125,OB,OB(bull)·1h,0,0,"max_levels: 12 seated, cap 12",0.0,1.2800000000000002,,{},2026-09-04T00:30:54.846481-05:00,2026-09-04T00:30:54.769000-05:00
23,MNQ,2026-09-03:ASIA,5,ASIA,1788499854769,29917.75,OB,OB(bull)·1h,0,0,"max_levels: 12 seated, cap 12",0.0,1.2800000000000002,,{},2026-09-04T00:30:54.846481-05:00,2026-09-04T00:30:54.769000-05:00
24,MNQ,2026-09-03:ASIA,5,ASIA,1788499854769,29917.75,DEMAND,Demand·1h,0,0,"max_levels: 12 seated, cap 12",0.0,1.2800000000000002,,{},2026-09-04T00:30:54.846481-05:00,2026-09-04T00:30:54.769000-05:00
25,MNQ,2026-09-03:ASIA,6,ASIA,1788502249937,29637.522083992048,VWAP±2σ,VWAP+2σ,1,1,,1.36,0.8,A,{},2026-09-04T01:10:50.021916-05:00,2026-09-04T01:10:49.937000-05:00
26,MNQ,2026-09-03:ASIA,6,ASIA,1788502249937,29619.25,EQH,EQH·1h,0,0,"max_levels: 12 seated, cap 12",0.0,0.8,,{},2026-09-04T01:10:50.021916-05:00,2026-09-04T01:10:49.937000-05:00
27,MNQ,2026-09-03:ASIA,6,ASIA,1788502249937,29643.5,ONH,ONH,2,1,,1.36,0.8,A,{},2026-09-04T01:10:50.021916-05:00,2026-09-04T01:10:49.937000-05:00
28,MNQ,2026-09-03:ASIA,6,ASIA,1788502249937,29652.125,OB,OB(bear)·1h,3,1,,1.3439999999999999,0.8,A,{},2026-09-04T01:10:50.021916-05:00,2026-09-04T01:10:49.937000-05:00
29,MNQ,2026-09-03:ASIA,6,ASIA,1788502249937,29601.0,PDH,PDH,4,1,,0.96,0.8,B,{},2026-09-04T01:10:50.021916-05:00,2026-09-04T01:10:49.937000-05:00
30,MNQ,2026-09-03:ASIA,6,ASIA,1788502249937,29597.25,PDC,PDC,5,1,,1.92,0.8,A,{},2026-09-04T01:10:50.021916-05:00,2026-09-04T01:10:49.937000-05:00
31,MNQ,2026-09-03:ASIA,6,ASIA,1788502249937,29591.5,SWG-L,SWG-L·5m,6,1,,1.36,0.8,A,{},2026-09-04T01:10:50.021916-05:00,2026-09-04T01:10:49.937000-05:00
32,MNQ,2026-09-03:ASIA,6,ASIA,1788502249937,29585.0,RTH-H,RTH-H,7,1,,0.8,0.8,B,{},2026-09-04T01:10:50.021916-05:00,2026-09-04T01:10:49.937000-05:00
33,MNQ,2026-09-03:ASIA,6,ASIA,1788502249937,29579.5,SWG-H,SWG-H·5m,8,1,,1.36,0.8,A,{},2026-09-04T01:10:50.021916-05:00,2026-09-04T01:10:49.937000-05:00
34,MNQ,2026-09-03:ASIA,6,ASIA,1788502249937,29554.195227116023,VWAP,VWAP,9,1,,1.4400000000000002,0.8,A,{},2026-09-04T01:10:50.021916-05:00,2026-09-04T01:10:49.937000-05:00
35,MNQ,2026-09-03:ASIA,6,ASIA,1788502249937,29549.24923737589,eVWAP,eVWAP,10,1,,1.36,0.8,A,{},2026-09-04T01:10:50.021916-05:00,2026-09-04T01:10:49.937000-05:00
36,MNQ,2026-09-03:ASIA,6,ASIA,1788502249937,29715.75,OB,OB(bull)·1h,0,0,"max_levels: 12 seated, cap 12",0.0,0.8,,{},2026-09-04T01:10:50.021916-05:00,2026-09-04T01:10:49.937000-05:00
37,MNQ,2026-09-03:ASIA,6,ASIA,1788502249937,29513.0,SWG-H,SWG-H·15m,11,1,,1.36,0.8,A,{},2026-09-04T01:10:50.021916-05:00,2026-09-04T01:10:49.937000-05:00
38,MNQ,2026-09-03:ASIA,6,ASIA,1788502249937,29754.5,SUPPLY,Supply·1h,0,0,"max_levels: 12 seated, cap 12",0.0,0.8,,{},2026-09-04T01:10:50.021916-05:00,2026-09-04T01:10:49.937000-05:00
39,MNQ,2026-09-03:ASIA,6,ASIA,1788502249937,29761.625,OB,OB(bear)·1h,0,0,"max_levels: 12 seated, cap 12",0.0,0.8,,{},2026-09-04T01:10:50.021916-05:00,2026-09-04T01:10:49.937000-05:00
40,MNQ,2026-09-03:ASIA,6,ASIA,1788502249937,29491.0,SWG-L,SWG-L·15m,0,0,"max_levels: 12 seated, cap 12",0.0,0.8,,{},2026-09-04T01:10:50.021916-05:00,2026-09-04T01:10:49.937000-05:00
41,MNQ,2026-09-03:ASIA,6,ASIA,1788502249937,29490.875,OB,OB(bull)·1h,0,0,"max_levels: 12 seated, cap 12",0.0,0.8,,{},2026-09-04T01:10:50.021916-05:00,2026-09-04T01:10:49.937000-05:00
42,MNQ,2026-09-03:ASIA,6,ASIA,1788502249937,29481.5,ONL,ONL,12,1,,1.36,0.8,A,{},2026-09-04T01:10:50.021916-05:00,2026-09-04T01:10:49.937000-05:00
43,MNQ,2026-09-03:ASIA,6,ASIA,1788502249937,29845.25,OB,OB(bear)·1h,0,0,"max_levels: 12 seated, cap 12",0.0,0.8,,{},2026-09-04T01:10:50.021916-05:00,2026-09-04T01:10:49.937000-05:00
44,MNQ,2026-09-03:ASIA,6,ASIA,1788502249937,29848.75,SUPPLY,Supply·1h,0,0,"max_levels: 12 seated, cap 12",0.0,0.8,,{},2026-09-04T01:10:50.021916-05:00,2026-09-04T01:10:49.937000-05:00
45,MNQ,2026-09-03:ASIA,6,ASIA,1788502249937,29852.375,DEMAND,Demand·4h,0,0,"max_levels: 12 seated, cap 12",0.0,0.8,,{},2026-09-04T01:10:50.021916-05:00,2026-09-04T01:10:49.937000-05:00
46,MNQ,2026-09-03:ASIA,6,ASIA,1788502249937,29854.0,DEMAND,Demand·1h,0,0,"max_levels: 12 seated, cap 12",0.0,0.8,,{},2026-09-04T01:10:50.021916-05:00,2026-09-04T01:10:49.937000-05:00
47,MNQ,2026-09-03:ASIA,6,ASIA,1788502249937,29863.5,OB,OB(bull)·4h,0,0,"max_levels: 12 seated, cap 12",0.0,0.8,,{},2026-09-04T01:10:50.021916-05:00,2026-09-04T01:10:49.937000-05:00
48,MNQ,2026-09-03:ASIA,6,ASIA,1788502249937,29875.125,OB,OB(bull)·1h,0,0,"max_levels: 12 seated, cap 12",0.0,0.8,,{},2026-09-04T01:10:50.021916-05:00,2026-09-04T01:10:49.937000-05:00
49,MNQ,2026-09-04:LONDON,0,LONDON,1788503448427,29639.5,EQL,EQL·15m,2,1,,1.3439999999999999,0.96,A,{},2026-09-04T01:30:48.519200-05:00,2026-09-04T01:30:48.427000-05:00
50,MNQ,2026-09-04:LONDON,0,LONDON,1788503448427,29619.25,EQH,EQH·1h,0,0,"max_levels: 12 seated, cap 12",0.0,0.96,,{},2026-09-04T01:30:48.519200-05:00,2026-09-04T01:30:48.427000-05:00
51,MNQ,2026-09-04:LONDON,0,LONDON,1788503448427,29644.25,ONH,ONH,3,1,,1.36,0.96,A,{},2026-09-04T01:30:48.519200-05:00,2026-09-04T01:30:48.427000-05:00
52,MNQ,2026-09-04:LONDON,0,LONDON,1788503448427,29601.0,PDH,PDH,4,1,,0.96,0.96,B,{},2026-09-04T01:30:48.519200-05:00,2026-09-04T01:30:48.427000-05:00
53,MNQ,2026-09-04:LONDON,0,LONDON,1788503448427,29597.25,PDC,PDC,5,1,,1.92,0.96,A,{},2026-09-04T01:30:48.519200-05:00,2026-09-04T01:30:48.427000-05:00
54,MNQ,2026-09-04:LONDON,0,LONDON,1788503448427,29591.5,SWG-L,SWG-L·5m,6,1,,1.36,0.96,A,{},2026-09-04T01:30:48.519200-05:00,2026-09-04T01:30:48.427000-05:00
55,MNQ,2026-09-04:LONDON,0,LONDON,1788503448427,29585.0,RTH-H,RTH-H,0,0,"max_levels: 12 seated, cap 12",0.0,0.96,,{},2026-09-04T01:30:48.519200-05:00,2026-09-04T01:30:48.427000-05:00
56,MNQ,2026-09-04:LONDON,0,LONDON,1788503448427,29579.5,SWG-H,SWG-H·15m,7,1,,1.36,0.96,A,{},2026-09-04T01:30:48.519200-05:00,2026-09-04T01:30:48.427000-05:00
57,MNQ,2026-09-04:LONDON,0,LONDON,1788503448427,29558.335161129893,VWAP,VWAP,8,1,,1.4400000000000002,0.96,A,{},2026-09-04T01:30:48.519200-05:00,2026-09-04T01:30:48.427000-05:00
58,MNQ,2026-09-04:LONDON,0,LONDON,1788503448427,29553.131223672517,eVWAP,eVWAP,9,1,,1.36,0.96,A,{},2026-09-04T01:30:48.519200-05:00,2026-09-04T01:30:48.427000-05:00
59,MNQ,2026-09-04:LONDON,0,LONDON,1788503448427,29715.75,OB,OB(bull)·1h,0,0,"max_levels: 12 seated, cap 12",0.0,0.96,,{},2026-09-04T01:30:48.519200-05:00,2026-09-04T01:30:48.427000-05:00
60,MNQ,2026-09-04:LONDON,0,LONDON,1788503448427,29513.0,SWG-H,SWG-H·15m,10,1,,1.36,0.96,A,{},2026-09-04T01:30:48.519200-05:00,2026-09-04T01:30:48.427000-05:00
61,MNQ,2026-09-04:LONDON,0,LONDON,1788503448427,29754.5,SUPPLY,Supply·1h,0,0,"max_levels: 12 seated, cap 12",0.0,0.96,,{},2026-09-04T01:30:48.519200-05:00,2026-09-04T01:30:48.427000-05:00
62,MNQ,2026-09-04:LONDON,0,LONDON,1788503448427,29761.625,OB,OB(bear)·1h,0,0,"max_levels: 12 seated, cap 12",0.0,0.96,,{},2026-09-04T01:30:48.519200-05:00,2026-09-04T01:30:48.427000-05:00
63,MNQ,2026-09-04:LONDON,0,LONDON,1788503448427,29491.0,SWG-L,SWG-L·15m,11,1,,1.36,0.96,A,{},2026-09-04T01:30:48.519200-05:00,2026-09-04T01:30:48.427000-05:00
64,MNQ,2026-09-04:LONDON,0,LONDON,1788503448427,29490.875,OB,OB(bull)·1h,0,0,"max_levels: 12 seated, cap 12",0.0,0.96,,{},2026-09-04T01:30:48.519200-05:00,2026-09-04T01:30:48.427000-05:00
65,MNQ,2026-09-04:LONDON,0,LONDON,1788503448427,29481.5,ONL,ONL,12,1,,1.36,0.96,A,{},2026-09-04T01:30:48.519200-05:00,2026-09-04T01:30:48.427000-05:00
66,MNQ,2026-09-04:LONDON,0,LONDON,1788503448427,29469.69108813731,VWAP±2σ,VWAP−2σ,0,0,"max_levels: 12 seated, cap 12",0.0,0.96,,{},2026-09-04T01:30:48.519200-05:00,2026-09-04T01:30:48.427000-05:00
67,MNQ,2026-09-04:LONDON,0,LONDON,1788503448427,29845.25,OB,OB(bear)·1h,0,0,"max_levels: 12 seated, cap 12",0.0,0.96,,{},2026-09-04T01:30:48.519200-05:00,2026-09-04T01:30:48.427000-05:00
68,MNQ,2026-09-04:LONDON,0,LONDON,1788503448427,29848.75,SUPPLY,Supply·1h,0,0,"max_levels: 12 seated, cap 12",0.0,0.96,,{},2026-09-04T01:30:48.519200-05:00,2026-09-04T01:30:48.427000-05:00
69,MNQ,2026-09-04:LONDON,0,LONDON,1788503448427,29852.375,DEMAND,Demand·4h,0,0,"max_levels: 12 seated, cap 12",0.0,0.96,,{},2026-09-04T01:30:48.519200-05:00,2026-09-04T01:30:48.427000-05:00
70,MNQ,2026-09-04:LONDON,0,LONDON,1788503448427,29854.0,DEMAND,Demand·1h,0,0,"max_levels: 12 seated, cap 12",0.0,0.96,,{},2026-09-04T01:30:48.519200-05:00,2026-09-04T01:30:48.427000-05:00
71,MNQ,2026-09-04:LONDON,0,LONDON,1788503448427,29863.5,OB,OB(bull)·4h,0,0,"max_levels: 12 seated, cap 12",0.0,0.96,,{},2026-09-04T01:30:48.519200-05:00,2026-09-04T01:30:48.427000-05:00
72,MNQ,2026-09-04:LONDON,0,LONDON,1788503448427,29875.125,OB,OB(bull)·1h,0,0,"max_levels: 12 seated, cap 12",0.0,0.96,,{},2026-09-04T01:30:48.519200-05:00,2026-09-04T01:30:48.427000-05:00
73,MNQ,2026-09-04:LONDON,1,LONDON,1788505246580,29576.0,EQH,EQH·1h,0,0,"max_levels: 12 seated, cap 12",0.0,0.8,,{},2026-09-04T02:00:46.669409-05:00,2026-09-04T02:00:46.580000-05:00
74,MNQ,2026-09-04:LONDON,1,LONDON,1788505246580,29585.0,RTH-H,RTH-H,1,1,,0.8,0.8,B,{},2026-09-04T02:00:46.669409-05:00,2026-09-04T02:00:46.580000-05:00
75,MNQ,2026-09-04:LONDON,1,LONDON,1788505246580,29561.434206358408,VWAP,VWAP,2,1,,1.4400000000000002,0.8,A,{},2026-09-04T02:00:46.669409-05:00,2026-09-04T02:00:46.580000-05:00
76,MNQ,2026-09-04:LONDON,1,LONDON,1788505246580,29591.5,EQL,EQL·15m,0,0,"max_levels: 12 seated, cap 12",0.0,0.8,,{},2026-09-04T02:00:46.669409-05:00,2026-09-04T02:00:46.580000-05:00
77,MNQ,2026-09-04:LONDON,1,LONDON,1788505246580,29556.25,SWG-L,SWG-L·5m,3,1,,1.36,0.8,A,{},2026-09-04T02:00:46.669409-05:00,2026-09-04T02:00:46.580000-05:00
78,MNQ,2026-09-04:LONDON,1,LONDON,1788505246580,29597.25,PDC,PDC,4,1,,0.96,0.8,B,{},2026-09-04T02:00:46.669409-05:00,2026-09-04T02:00:46.580000-05:00
79,MNQ,2026-09-04:LONDON,1,LONDON,1788505246580,29601.0,PDH,PDH,5,1,,0.96,0.8,B,{},2026-09-04T02:00:46.669409-05:00,2026-09-04T02:00:46.580000-05:00
80,MNQ,2026-09-04:LONDON,1,LONDON,1788505246580,29619.25,EQH,EQH·1h,0,0,"max_levels: 12 seated, cap 12",0.0,0.8,,{},2026-09-04T02:00:46.669409-05:00,2026-09-04T02:00:46.580000-05:00
81,MNQ,2026-09-04:LONDON,1,LONDON,1788505246580,29517.354840748478,VWAP,VWAP−1σ,6,1,,1.4400000000000002,0.8,A,{},2026-09-04T02:00:46.669409-05:00,2026-09-04T02:00:46.580000-05:00
82,MNQ,2026-09-04:LONDON,1,LONDON,1788505246580,29644.25,ONH,ONH,7,1,,1.36,0.8,A,{},2026-09-04T02:00:46.669409-05:00,2026-09-04T02:00:46.580000-05:00
83,MNQ,2026-09-04:LONDON,1,LONDON,1788505246580,29649.592937578265,VWAP±2σ,VWAP+2σ,8,1,,1.36,0.8,A,{},2026-09-04T02:00:46.669409-05:00,2026-09-04T02:00:46.580000-05:00
84,MNQ,2026-09-04:LONDON,1,LONDON,1788505246580,29491.0,SWG-L,SWG-L·15m,9,1,,1.36,0.8,A,{},2026-09-04T02:00:46.669409-05:00,2026-09-04T02:00:46.580000-05:00
85,MNQ,2026-09-04:LONDON,1,LONDON,1788505246580,29490.875,OB,OB(bull)·1h,10,1,,1.4784000000000002,0.8,A,{},2026-09-04T02:00:46.669409-05:00,2026-09-04T02:00:46.580000-05:00
86,MNQ,2026-09-04:LONDON,1,LONDON,1788505246580,29481.5,ONL,ONL,11,1,,1.36,0.8,A,{},2026-09-04T02:00:46.669409-05:00,2026-09-04T02:00:46.580000-05:00
87,MNQ,2026-09-04:LONDON,1,LONDON,1788505246580,29473.27547513855,VWAP±2σ,VWAP−2σ,12,1,,1.36,0.8,A,{},2026-09-04T02:00:46.669409-05:00,2026-09-04T02:00:46.580000-05:00
88,MNQ,2026-09-04:LONDON,1,LONDON,1788505246580,29715.75,OB,OB(bull)·1h,0,0,"max_levels: 12 seated, cap 12",0.0,0.8,,{},2026-09-04T02:00:46.669409-05:00,2026-09-04T02:00:46.580000-05:00
89,MNQ,2026-09-04:LONDON,1,LONDON,1788505246580,29754.5,SUPPLY,Supply·1h,0,0,"max_levels: 12 seated, cap 12",0.0,0.8,,{},2026-09-04T02:00:46.669409-05:00,2026-09-04T02:00:46.580000-05:00
90,MNQ,2026-09-04:LONDON,1,LONDON,1788505246580,29761.625,OB,OB(bear)·1h,0,0,"max_levels: 12 seated, cap 12",0.0,0.8,,{},2026-09-04T02:00:46.669409-05:00,2026-09-04T02:00:46.580000-05:00
91,MNQ,2026-09-04:LONDON,1,LONDON,1788505246580,29334.1699108696,pdVWAP,pdVWAP,0,0,"max_levels: 12 seated, cap 12",0.0,0.8,,{},2026-09-04T02:00:46.669409-05:00,2026-09-04T02:00:46.580000-05:00
92,MNQ,2026-09-04:LONDON,1,LONDON,1788505246580,29845.25,OB,OB(bear)·1h,0,0,"max_levels: 12 seated, cap 12",0.0,0.8,,{},2026-09-04T02:00:46.669409-05:00,2026-09-04T02:00:46.580000-05:00
93,MNQ,2026-09-04:LONDON,1,LONDON,1788505246580,29848.75,SUPPLY,Supply·1h,0,0,"max_levels: 12 seated, cap 12",0.0,0.8,,{},2026-09-04T02:00:46.669409-05:00,2026-09-04T02:00:46.580000-05:00
94,MNQ,2026-09-04:LONDON,1,LONDON,1788505246580,29852.375,DEMAND,Demand·4h,0,0,"max_levels: 12 seated, cap 12",0.0,0.8,,{},2026-09-04T02:00:46.669409-05:00,2026-09-04T02:00:46.580000-05:00
95,MNQ,2026-09-04:LONDON,1,LONDON,1788505246580,29854.0,DEMAND,Demand·1h,0,0,"max_levels: 12 seated, cap 12",0.0,0.8,,{},2026-09-04T02:00:46.669409-05:00,2026-09-04T02:00:46.580000-05:00
96,MNQ,2026-09-04:LONDON,1,LONDON,1788505246580,29863.5,OB,OB(bull)·4h,0,0,"max_levels: 12 seated, cap 12",0.0,0.8,,{},2026-09-04T02:00:46.669409-05:00,2026-09-04T02:00:46.580000-05:00
97,MNQ,2026-09-04:LONDON,2,LONDON,1788525901002,29542.25,DEMAND,Demand·1h,0,0,"max_levels: 12 seated, cap 12",0.0,0.8,,{},2026-09-04T07:45:01.087652-05:00,2026-09-04T07:45:01.002000-05:00
98,MNQ,2026-09-04:LONDON,2,LONDON,1788525901002,29538.839091719696,VWAP,VWAP−1σ,1,1,,1.4400000000000002,0.8,A,{},2026-09-04T07:45:01.087652-05:00,2026-09-04T07:45:01.002000-05:00
99,MNQ,2026-09-04:LONDON,2,LONDON,1788525901002,29585.0,RTH-H,RTH-H,2,1,,0.8,0.8,B,{},2026-09-04T07:45:01.087652-05:00,2026-09-04T07:45:01.002000-05:00
100,MNQ,2026-09-04:LONDON,2,LONDON,1788525901002,29597.25,PDC,PDC,3,1,,0.96,0.8,B,{},2026-09-04T07:45:01.087652-05:00,2026-09-04T07:45:01.002000-05:00
101,MNQ,2026-09-04:LONDON,2,LONDON,1788525901002,29601.0,PDH,PDH,4,1,,0.96,0.8,B,{},2026-09-04T07:45:01.087652-05:00,2026-09-04T07:45:01.002000-05:00
102,MNQ,2026-09-04:LONDON,2,LONDON,1788525901002,29496.25,SUPPLY,Supply·1h,5,1,,1.7160000000000002,0.8,A,{},2026-09-04T07:45:01.087652-05:00,2026-09-04T07:45:01.002000-05:00
103,MNQ,2026-09-04:LONDON,2,LONDON,1788525901002,29481.5,ONL,ONL,6,1,,1.36,0.8,A,{},2026-09-04T07:45:01.087652-05:00,2026-09-04T07:45:01.002000-05:00
104,MNQ,2026-09-04:LONDON,2,LONDON,1788525901002,29697.75,OB,OB(bull)·4h,0,0,"max_levels: 12 seated, cap 12",0.0,0.8,,{},2026-09-04T07:45:01.087652-05:00,2026-09-04T07:45:01.002000-05:00
105,MNQ,2026-09-04:LONDON,2,LONDON,1788525901002,29715.75,OB,OB(bull)·1h,0,0,"max_levels: 12 seated, cap 12",0.0,0.8,,{},2026-09-04T07:45:01.087652-05:00,2026-09-04T07:45:01.002000-05:00
106,MNQ,2026-09-04:LONDON,2,LONDON,1788525901002,29720.0,ONH,ONH,7,1,,1.36,0.8,A,{},2026-09-04T07:45:01.087652-05:00,2026-09-04T07:45:01.002000-05:00
107,MNQ,2026-09-04:LONDON,2,LONDON,1788525901002,29722.625,DEMAND,Demand·1h,8,1,,1.7160000000000002,0.8,A,{},2026-09-04T07:45:01.087652-05:00,2026-09-04T07:45:01.002000-05:00
108,MNQ,2026-09-04:LONDON,2,LONDON,1788525901002,29750.625,OB,OB(bear)·1h,0,0,"max_levels: 12 seated, cap 12",0.0,0.8,,{},2026-09-04T07:45:01.087652-05:00,2026-09-04T07:45:01.002000-05:00
109,MNQ,2026-09-04:LONDON,2,LONDON,1788525901002,29761.625,OB,OB(bear)·1h,0,0,"max_levels: 12 seated, cap 12",0.0,0.8,,{},2026-09-04T07:45:01.087652-05:00,2026-09-04T07:45:01.002000-05:00
110,MNQ,2026-09-04:LONDON,2,LONDON,1788525901002,29767.5,SUPPLY,Supply·4h,0,0,"max_levels: 12 seated, cap 12",0.0,0.8,,{},2026-09-04T07:45:01.087652-05:00,2026-09-04T07:45:01.002000-05:00
111,MNQ,2026-09-04:LONDON,2,LONDON,1788525901002,29339.625,OB,OB(bear)·1h,0,0,"max_levels: 12 seated, cap 12",0.0,0.8,,{},2026-09-04T07:45:01.087652-05:00,2026-09-04T07:45:01.002000-05:00
112,MNQ,2026-09-04:LONDON,2,LONDON,1788525901002,29287.875,OB,OB(bear)·1h,0,0,"max_levels: 12 seated, cap 12",0.0,0.8,,{},2026-09-04T07:45:01.087652-05:00,2026-09-04T07:45:01.002000-05:00
113,MNQ,2026-09-04:LONDON,2,LONDON,1788525901002,29278.0,DEMAND,Demand·1h,9,1,,1.7160000000000002,0.8,A,{},2026-09-04T07:45:01.087652-05:00,2026-09-04T07:45:01.002000-05:00
114,MNQ,2026-09-04:LONDON,2,LONDON,1788525901002,29852.375,DEMAND,Demand·4h,0,0,"max_levels: 12 seated, cap 12",0.0,0.8,,{},2026-09-04T07:45:01.087652-05:00,2026-09-04T07:45:01.002000-05:00
115,MNQ,2026-09-04:LONDON,2,LONDON,1788525901002,29863.5,OB,OB(bull)·4h,0,0,"max_levels: 12 seated, cap 12",0.0,0.8,,{},2026-09-04T07:45:01.087652-05:00,2026-09-04T07:45:01.002000-05:00
116,MNQ,2026-09-04:LONDON,2,LONDON,1788525901002,29248.125,OB,OB(bear)·1h,0,0,"max_levels: 12 seated, cap 12",0.0,0.8,,{},2026-09-04T07:45:01.087652-05:00,2026-09-04T07:45:01.002000-05:00
117,MNQ,2026-09-04:LONDON,2,LONDON,1788525901002,29199.25,RTH-L,RTH-L,10,1,,1.6,0.8,A,{},2026-09-04T07:45:01.087652-05:00,2026-09-04T07:45:01.002000-05:00
118,MNQ,2026-09-04:LONDON,2,LONDON,1788525901002,29927.125,OB,OB(bear)·4h,0,0,"max_levels: 12 seated, cap 12",0.0,0.8,,{},2026-09-04T07:45:01.087652-05:00,2026-09-04T07:45:01.002000-05:00
119,MNQ,2026-09-04:LONDON,2,LONDON,1788525901002,29144.5,DEMAND,Demand·1h,11,1,,1.7160000000000002,0.8,A,{},2026-09-04T07:45:01.087652-05:00,2026-09-04T07:45:01.002000-05:00
120,MNQ,2026-09-04:LONDON,2,LONDON,1788525901002,29075.0,PDL,PDL,12,1,,1.92,0.8,A,{},2026-09-04T07:45:01.087652-05:00,2026-09-04T07:45:01.002000-05:00
121,MNQ,2026-09-04:NY,0,NY,1788526838355,29545.0,OB,OB(bull)·4h,0,0,"max_levels: 12 seated, cap 12",0.0,0.8,,{},2026-09-04T08:00:38.490099-05:00,2026-09-04T08:00:38.355000-05:00
122,MNQ,2026-09-04:NY,0,NY,1788526838355,29533.039603789588,VWAP,VWAP−1σ,1,1,,1.4400000000000002,0.8,A,{},2026-09-04T08:00:38.490099-05:00,2026-09-04T08:00:38.355000-05:00
123,MNQ,2026-09-04:NY,0,NY,1788526838355,29585.0,RTH-H,RTH-H,2,1,,0.8,0.8,B,{},2026-09-04T08:00:38.490099-05:00,2026-09-04T08:00:38.355000-05:00
124,MNQ,2026-09-04:NY,0,NY,1788526838355,29597.25,PDC,PDC,3,1,,0.96,0.8,B,{},2026-09-04T08:00:38.490099-05:00,2026-09-04T08:00:38.355000-05:00
125,MNQ,2026-09-04:NY,0,NY,1788526838355,29601.0,PDH,PDH,4,1,,0.96,0.8,B,{},2026-09-04T08:00:38.490099-05:00,2026-09-04T08:00:38.355000-05:00
126,MNQ,2026-09-04:NY,0,NY,1788526838355,29481.5,ONL,ONL,5,1,,1.36,0.8,A,{},2026-09-04T08:00:38.490099-05:00,2026-09-04T08:00:38.355000-05:00
127,MNQ,2026-09-04:NY,0,NY,1788526838355,29657.375,SUPPLY,Supply·1h,0,0,"max_levels: 12 seated, cap 12",0.0,0.8,,{},2026-09-04T08:00:38.490099-05:00,2026-09-04T08:00:38.355000-05:00
128,MNQ,2026-09-04:NY,0,NY,1788526838355,29697.75,OB,OB(bull)·4h,0,0,"max_levels: 12 seated, cap 12",0.0,0.8,,{},2026-09-04T08:00:38.490099-05:00,2026-09-04T08:00:38.355000-05:00
129,MNQ,2026-09-04:NY,0,NY,1788526838355,29715.75,OB,OB(bull)·1h,6,1,,1.6800000000000002,0.8,A,{},2026-09-04T08:00:38.490099-05:00,2026-09-04T08:00:38.355000-05:00
130,MNQ,2026-09-04:NY,0,NY,1788526838355,29720.0,ONH,ONH,7,1,,1.36,0.8,A,{},2026-09-04T08:00:38.490099-05:00,2026-09-04T08:00:38.355000-05:00
131,MNQ,2026-09-04:NY,0,NY,1788526838355,29722.625,DEMAND,Demand·1h,8,1,,1.7160000000000002,0.8,A,{},2026-09-04T08:00:38.490099-05:00,2026-09-04T08:00:38.355000-05:00
132,MNQ,2026-09-04:NY,0,NY,1788526838355,29735.625,OB,OB(bull)·4h,0,0,"max_levels: 12 seated, cap 12",0.0,0.8,,{},2026-09-04T08:00:38.490099-05:00,2026-09-04T08:00:38.355000-05:00
133,MNQ,2026-09-04:NY,0,NY,1788526838355,29736.625,OB,OB(bear)·4h,0,0,"max_levels: 12 seated, cap 12",0.0,0.8,,{},2026-09-04T08:00:38.490099-05:00,2026-09-04T08:00:38.355000-05:00
134,MNQ,2026-09-04:NY,0,NY,1788526838355,29761.625,OB,OB(bear)·1h,0,0,"max_levels: 12 seated, cap 12",0.0,0.8,,{},2026-09-04T08:00:38.490099-05:00,2026-09-04T08:00:38.355000-05:00
135,MNQ,2026-09-04:NY,0,NY,1788526838355,29767.5,SUPPLY,Supply·4h,0,0,"max_levels: 12 seated, cap 12",0.0,0.8,,{},2026-09-04T08:00:38.490099-05:00,2026-09-04T08:00:38.355000-05:00
136,MNQ,2026-09-04:NY,0,NY,1788526838355,29304.625,DEMAND,Demand·1h,0,0,"max_levels: 12 seated, cap 12",0.0,0.8,,{},2026-09-04T08:00:38.490099-05:00,2026-09-04T08:00:38.355000-05:00
137,MNQ,2026-09-04:NY,0,NY,1788526838355,29278.0,DEMAND,Demand·1h,9,1,,1.7160000000000002,0.8,A,{},2026-09-04T08:00:38.490099-05:00,2026-09-04T08:00:38.355000-05:00
138,MNQ,2026-09-04:NY,0,NY,1788526838355,29852.375,DEMAND,Demand·4h,0,0,"max_levels: 12 seated, cap 12",0.0,0.8,,{},2026-09-04T08:00:38.490099-05:00,2026-09-04T08:00:38.355000-05:00
139,MNQ,2026-09-04:NY,0,NY,1788526838355,29863.5,OB,OB(bull)·4h,0,0,"max_levels: 12 seated, cap 12",0.0,0.8,,{},2026-09-04T08:00:38.490099-05:00,2026-09-04T08:00:38.355000-05:00
140,MNQ,2026-09-04:NY,0,NY,1788526838355,29199.25,RTH-L,RTH-L,10,1,,1.6,0.8,A,{},2026-09-04T08:00:38.490099-05:00,2026-09-04T08:00:38.355000-05:00
141,MNQ,2026-09-04:NY,0,NY,1788526838355,29927.125,OB,OB(bear)·4h,0,0,"max_levels: 12 seated, cap 12",0.0,0.8,,{},2026-09-04T08:00:38.490099-05:00,2026-09-04T08:00:38.355000-05:00
142,MNQ,2026-09-04:NY,0,NY,1788526838355,29947.75,OB,OB(bull)·4h,0,0,"max_levels: 12 seated, cap 12",0.0,0.8,,{},2026-09-04T08:00:38.490099-05:00,2026-09-04T08:00:38.355000-05:00
143,MNQ,2026-09-04:NY,0,NY,1788526838355,29144.5,DEMAND,Demand·1h,11,1,,1.7160000000000002,0.8,A,{},2026-09-04T08:00:38.490099-05:00,2026-09-04T08:00:38.355000-05:00
144,MNQ,2026-09-04:NY,0,NY,1788526838355,29075.0,PDL,PDL,12,1,,1.92,0.8,A,{},2026-09-04T08:00:38.490099-05:00,2026-09-04T08:00:38.355000-05:00
145,MNQ,2026-09-04:LONDON,3,LONDON,1788527852412,29545.0,OB,OB(bull)·4h,0,0,"max_levels: 12 seated, cap 12",0.0,0.8,,{},2026-09-04T08:17:32.489727-05:00,2026-09-04T08:17:32.412000-05:00
146,MNQ,2026-09-04:LONDON,3,LONDON,1788527852412,29585.0,RTH-H,RTH-H,1,1,,0.8,0.8,B,{},2026-09-04T08:17:32.489727-05:00,2026-09-04T08:17:32.412000-05:00
147,MNQ,2026-09-04:LONDON,3,LONDON,1788527852412,29530.92821534979,VWAP,VWAP−1σ,2,1,,1.4400000000000002,0.8,A,{},2026-09-04T08:17:32.489727-05:00,2026-09-04T08:17:32.412000-05:00
148,MNQ,2026-09-04:LONDON,3,LONDON,1788527852412,29597.25,PDC,PDC,3,1,,0.96,0.8,B,{},2026-09-04T08:17:32.489727-05:00,2026-09-04T08:17:32.412000-05:00
149,MNQ,2026-09-04:LONDON,3,LONDON,1788527852412,29601.0,PDH,PDH,4,1,,0.96,0.8,B,{},2026-09-04T08:17:32.489727-05:00,2026-09-04T08:17:32.412000-05:00
150,MNQ,2026-09-04:LONDON,3,LONDON,1788527852412,29481.5,ONL,ONL,5,1,,1.36,0.8,A,{},2026-09-04T08:17:32.489727-05:00,2026-09-04T08:17:32.412000-05:00
151,MNQ,2026-09-04:LONDON,3,LONDON,1788527852412,29657.375,SUPPLY,Supply·1h,0,0,"max_levels: 12 seated, cap 12",0.0,0.8,,{},2026-09-04T08:17:32.489727-05:00,2026-09-04T08:17:32.412000-05:00
152,MNQ,2026-09-04:LONDON,3,LONDON,1788527852412,29425.125,FVG,FVG·1h,0,0,"max_levels: 12 seated, cap 12",0.0,0.8,,{},2026-09-04T08:17:32.489727-05:00,2026-09-04T08:17:32.412000-05:00
153,MNQ,2026-09-04:LONDON,3,LONDON,1788527852412,29697.75,OB,OB(bull)·4h,0,0,"max_levels: 12 seated, cap 12",0.0,0.8,,{},2026-09-04T08:17:32.489727-05:00,2026-09-04T08:17:32.412000-05:00
154,MNQ,2026-09-04:LONDON,3,LONDON,1788527852412,29715.75,OB,OB(bull)·1h,6,1,,1.6800000000000002,0.8,A,{},2026-09-04T08:17:32.489727-05:00,2026-09-04T08:17:32.412000-05:00
155,MNQ,2026-09-04:LONDON,3,LONDON,1788527852412,29720.0,ONH,ONH,7,1,,1.36,0.8,A,{},2026-09-04T08:17:32.489727-05:00,2026-09-04T08:17:32.412000-05:00
156,MNQ,2026-09-04:LONDON,3,LONDON,1788527852412,29722.625,DEMAND,Demand·1h,8,1,,1.7160000000000002,0.8,A,{},2026-09-04T08:17:32.489727-05:00,2026-09-04T08:17:32.412000-05:00
157,MNQ,2026-09-04:LONDON,3,LONDON,1788527852412,29735.625,OB,OB(bull)·4h,0,0,"max_levels: 12 seated, cap 12",0.0,0.8,,{},2026-09-04T08:17:32.489727-05:00,2026-09-04T08:17:32.412000-05:00
158,MNQ,2026-09-04:LONDON,3,LONDON,1788527852412,29761.625,OB,OB(bear)·1h,0,0,"max_levels: 12 seated, cap 12",0.0,0.8,,{},2026-09-04T08:17:32.489727-05:00,2026-09-04T08:17:32.412000-05:00
159,MNQ,2026-09-04:LONDON,3,LONDON,1788527852412,29767.5,SUPPLY,Supply·4h,0,0,"max_levels: 12 seated, cap 12",0.0,0.8,,{},2026-09-04T08:17:32.489727-05:00,2026-09-04T08:17:32.412000-05:00
160,MNQ,2026-09-04:LONDON,3,LONDON,1788527852412,29304.625,DEMAND,Demand·1h,0,0,"max_levels: 12 seated, cap 12",0.0,0.8,,{},2026-09-04T08:17:32.489727-05:00,2026-09-04T08:17:32.412000-05:00
161,MNQ,2026-09-04:LONDON,3,LONDON,1788527852412,29278.0,DEMAND,Demand·1h,9,1,,1.7160000000000002,0.8,A,{},2026-09-04T08:17:32.489727-05:00,2026-09-04T08:17:32.412000-05:00
162,MNQ,2026-09-04:LONDON,3,LONDON,1788527852412,29852.375,DEMAND,Demand·4h,0,0,"max_levels: 12 seated, cap 12",0.0,0.8,,{},2026-09-04T08:17:32.489727-05:00,2026-09-04T08:17:32.412000-05:00
163,MNQ,2026-09-04:LONDON,3,LONDON,1788527852412,29863.5,OB,OB(bull)·4h,0,0,"max_levels: 12 seated, cap 12",0.0,0.8,,{},2026-09-04T08:17:32.489727-05:00,2026-09-04T08:17:32.412000-05:00
164,MNQ,2026-09-04:LONDON,3,LONDON,1788527852412,29199.25,RTH-L,RTH-L,10,1,,1.6,0.8,A,{},2026-09-04T08:17:32.489727-05:00,2026-09-04T08:17:32.412000-05:00
165,MNQ,2026-09-04:LONDON,3,LONDON,1788527852412,29927.125,OB,OB(bear)·4h,0,0,"max_levels: 12 seated, cap 12",0.0,0.8,,{},2026-09-04T08:17:32.489727-05:00,2026-09-04T08:17:32.412000-05:00
166,MNQ,2026-09-04:LONDON,3,LONDON,1788527852412,29947.75,OB,OB(bull)·4h,0,0,"max_levels: 12 seated, cap 12",0.0,0.8,,{},2026-09-04T08:17:32.489727-05:00,2026-09-04T08:17:32.412000-05:00
167,MNQ,2026-09-04:LONDON,3,LONDON,1788527852412,29144.5,DEMAND,Demand·1h,11,1,,1.7160000000000002,0.8,A,{},2026-09-04T08:17:32.489727-05:00,2026-09-04T08:17:32.412000-05:00
168,MNQ,2026-09-04:LONDON,3,LONDON,1788527852412,29075.0,PDL,PDL,12,1,,1.92,0.8,A,{},2026-09-04T08:17:32.489727-05:00,2026-09-04T08:17:32.412000-05:00
169,MNQ,2026-09-04:NY,1,NY,1788528720523,29611.25,OR-H,OR-H,1,1,,1.1199999999999999,0.8,A,{},2026-09-04T08:32:00.630704-05:00,2026-09-04T08:32:00.523000-05:00
170,MNQ,2026-09-04:NY,1,NY,1788528720523,29601.0,PDH,PDH,2,1,,0.96,0.8,B,{},2026-09-04T08:32:00.630704-05:00,2026-09-04T08:32:00.523000-05:00
171,MNQ,2026-09-04:NY,1,NY,1788528720523,29597.25,PDC,PDC,3,1,,0.96,0.8,B,{},2026-09-04T08:32:00.630704-05:00,2026-09-04T08:32:00.523000-05:00
172,MNQ,2026-09-04:NY,1,NY,1788528720523,29585.0,RTH-H,RTH-H,4,1,,0.8,0.8,B,{},2026-09-04T08:32:00.630704-05:00,2026-09-04T08:32:00.523000-05:00
173,MNQ,2026-09-04:NY,1,NY,1788528720523,29657.375,SUPPLY,Supply·1h,0,0,"max_levels: 12 seated, cap 12",0.0,0.8,,{},2026-09-04T08:32:00.630704-05:00,2026-09-04T08:32:00.523000-05:00
174,MNQ,2026-09-04:NY,1,NY,1788528720523,29553.75,OR-L,OR-L,5,1,,1.1199999999999999,0.8,A,{},2026-09-04T08:32:00.630704-05:00,2026-09-04T08:32:00.523000-05:00
175,MNQ,2026-09-04:NY,1,NY,1788528720523,29545.0,OB,OB(bull)·4h,0,0,"max_levels: 12 seated, cap 12",0.0,0.8,,{},2026-09-04T08:32:00.630704-05:00,2026-09-04T08:32:00.523000-05:00
176,MNQ,2026-09-04:NY,1,NY,1788528720523,29532.639729487182,VWAP,VWAP−1σ,6,1,,1.4400000000000002,0.8,A,{},2026-09-04T08:32:00.630704-05:00,2026-09-04T08:32:00.523000-05:00
177,MNQ,2026-09-04:NY,1,NY,1788528720523,29697.75,OB,OB(bull)·4h,0,0,"max_levels: 12 seated, cap 12",0.0,0.8,,{},2026-09-04T08:32:00.630704-05:00,2026-09-04T08:32:00.523000-05:00
178,MNQ,2026-09-04:NY,1,NY,1788528720523,29715.75,OB,OB(bull)·1h,0,0,"max_levels: 12 seated, cap 12",0.0,0.8,,{},2026-09-04T08:32:00.630704-05:00,2026-09-04T08:32:00.523000-05:00
179,MNQ,2026-09-04:NY,1,NY,1788528720523,29720.0,ONH,ONH,7,1,,1.36,0.8,A,{},2026-09-04T08:32:00.630704-05:00,2026-09-04T08:32:00.523000-05:00
180,MNQ,2026-09-04:NY,1,NY,1788528720523,29722.625,DEMAND,Demand·1h,8,1,,1.7160000000000002,0.8,A,{},2026-09-04T08:32:00.630704-05:00,2026-09-04T08:32:00.523000-05:00
181,MNQ,2026-09-04:NY,1,NY,1788528720523,29481.5,ONL,ONL,9,1,,1.36,0.8,A,{},2026-09-04T08:32:00.630704-05:00,2026-09-04T08:32:00.523000-05:00
182,MNQ,2026-09-04:NY,1,NY,1788528720523,29735.625,OB,OB(bull)·4h,0,0,"max_levels: 12 seated, cap 12",0.0,0.8,,{},2026-09-04T08:32:00.630704-05:00,2026-09-04T08:32:00.523000-05:00
183,MNQ,2026-09-04:NY,1,NY,1788528720523,29761.625,OB,OB(bear)·1h,0,0,"max_levels: 12 seated, cap 12",0.0,0.8,,{},2026-09-04T08:32:00.630704-05:00,2026-09-04T08:32:00.523000-05:00
184,MNQ,2026-09-04:NY,1,NY,1788528720523,29767.5,SUPPLY,Supply·4h,0,0,"max_levels: 12 seated, cap 12",0.0,0.8,,{},2026-09-04T08:32:00.630704-05:00,2026-09-04T08:32:00.523000-05:00
185,MNQ,2026-09-04:NY,1,NY,1788528720523,29852.375,DEMAND,Demand·4h,0,0,"max_levels: 12 seated, cap 12",0.0,0.8,,{},2026-09-04T08:32:00.630704-05:00,2026-09-04T08:32:00.523000-05:00
186,MNQ,2026-09-04:NY,1,NY,1788528720523,29863.5,OB,OB(bull)·4h,0,0,"max_levels: 12 seated, cap 12",0.0,0.8,,{},2026-09-04T08:32:00.630704-05:00,2026-09-04T08:32:00.523000-05:00
187,MNQ,2026-09-04:NY,1,NY,1788528720523,29304.625,DEMAND,Demand·1h,0,0,"max_levels: 12 seated, cap 12",0.0,0.8,,{},2026-09-04T08:32:00.630704-05:00,2026-09-04T08:32:00.523000-05:00
188,MNQ,2026-09-04:NY,1,NY,1788528720523,29927.125,OB,OB(bear)·4h,0,0,"max_levels: 12 seated, cap 12",0.0,0.8,,{},2026-09-04T08:32:00.630704-05:00,2026-09-04T08:32:00.523000-05:00
189,MNQ,2026-09-04:NY,1,NY,1788528720523,29278.0,DEMAND,Demand·1h,10,1,,1.7160000000000002,0.8,A,{},2026-09-04T08:32:00.630704-05:00,2026-09-04T08:32:00.523000-05:00
190,MNQ,2026-09-04:NY,1,NY,1788528720523,29947.75,OB,OB(bull)·4h,0,0,"max_levels: 12 seated, cap 12",0.0,0.8,,{},2026-09-04T08:32:00.630704-05:00,2026-09-04T08:32:00.523000-05:00
191,MNQ,2026-09-04:NY,1,NY,1788528720523,29199.25,RTH-L,RTH-L,11,1,,1.6,0.8,A,{},2026-09-04T08:32:00.630704-05:00,2026-09-04T08:32:00.523000-05:00
192,MNQ,2026-09-04:NY,1,NY,1788528720523,29144.5,DEMAND,Demand·1h,12,1,,1.7160000000000002,0.8,A,{},2026-09-04T08:32:00.630704-05:00,2026-09-04T08:32:00.523000-05:00
193,MNQ,2026-09-04:NY,2,NY,1788529569802,29591.017743594588,VWAP,VWAP,1,1,,1.4400000000000002,0.96,A,{},2026-09-04T08:46:10.082820-05:00,2026-09-04T08:46:09.802000-05:00
194,MNQ,2026-09-04:NY,2,NY,1788529569802,29597.25,PDC,PDC,2,1,,0.96,0.96,B,{},2026-09-04T08:46:10.082820-05:00,2026-09-04T08:46:09.802000-05:00
195,MNQ,2026-09-04:NY,2,NY,1788529569802,29585.0,RTH-H,RTH-H,0,0,"max_levels: 12 seated, cap 12",0.0,0.96,,{},2026-09-04T08:46:10.082820-05:00,2026-09-04T08:46:09.802000-05:00
196,MNQ,2026-09-04:NY,2,NY,1788529569802,29601.0,PDH,PDH,3,1,,0.96,0.96,B,{},2026-09-04T08:46:10.082820-05:00,2026-09-04T08:46:09.802000-05:00
197,MNQ,2026-09-04:NY,2,NY,1788529569802,29553.75,OR-L,OR-L,4,1,,1.1199999999999999,0.96,A,{},2026-09-04T08:46:10.082820-05:00,2026-09-04T08:46:09.802000-05:00
198,MNQ,2026-09-04:NY,2,NY,1788529569802,29635.0,OR-H,OR-H,5,1,,1.1199999999999999,0.96,A,{},2026-09-04T08:46:10.082820-05:00,2026-09-04T08:46:09.802000-05:00
199,MNQ,2026-09-04:NY,2,NY,1788529569802,29545.0,OB,OB(bull)·4h,0,0,"max_levels: 12 seated, cap 12",0.0,0.96,,{},2026-09-04T08:46:10.082820-05:00,2026-09-04T08:46:09.802000-05:00
200,MNQ,2026-09-04:NY,2,NY,1788529569802,29657.375,SUPPLY,Supply·1h,6,1,,1.7160000000000002,0.96,A,{},2026-09-04T08:46:10.082820-05:00,2026-09-04T08:46:09.802000-05:00
201,MNQ,2026-09-04:NY,2,NY,1788529569802,29697.75,OB,OB(bull)·4h,0,0,"max_levels: 12 seated, cap 12",0.0,0.96,,{},2026-09-04T08:46:10.082820-05:00,2026-09-04T08:46:09.802000-05:00
202,MNQ,2026-09-04:NY,2,NY,1788529569802,29481.5,ONL,ONL,7,1,,1.36,0.96,A,{},2026-09-04T08:46:10.082820-05:00,2026-09-04T08:46:09.802000-05:00
203,MNQ,2026-09-04:NY,2,NY,1788529569802,29715.75,OB,OB(bull)·1h,0,0,"max_levels: 12 seated, cap 12",0.0,0.96,,{},2026-09-04T08:46:10.082820-05:00,2026-09-04T08:46:09.802000-05:00
204,MNQ,2026-09-04:NY,2,NY,1788529569802,29720.0,ONH,ONH,8,1,,1.36,0.96,A,{},2026-09-04T08:46:10.082820-05:00,2026-09-04T08:46:09.802000-05:00
205,MNQ,2026-09-04:NY,2,NY,1788529569802,29722.625,DEMAND,Demand·1h,9,1,,1.7160000000000002,0.96,A,{},2026-09-04T08:46:10.082820-05:00,2026-09-04T08:46:09.802000-05:00
206,MNQ,2026-09-04:NY,2,NY,1788529569802,29425.125,FVG,FVG·1h,0,0,"max_levels: 12 seated, cap 12",0.0,0.96,,{},2026-09-04T08:46:10.082820-05:00,2026-09-04T08:46:09.802000-05:00
207,MNQ,2026-09-04:NY,2,NY,1788529569802,29761.625,OB,OB(bear)·1h,0,0,"max_levels: 12 seated, cap 12",0.0,0.96,,{},2026-09-04T08:46:10.082820-05:00,2026-09-04T08:46:09.802000-05:00
208,MNQ,2026-09-04:NY,2,NY,1788529569802,29767.5,SUPPLY,Supply·4h,0,0,"max_levels: 12 seated, cap 12",0.0,0.96,,{},2026-09-04T08:46:10.082820-05:00,2026-09-04T08:46:09.802000-05:00
209,MNQ,2026-09-04:NY,2,NY,1788529569802,29852.375,DEMAND,Demand·4h,0,0,"max_levels: 12 seated, cap 12",0.0,0.96,,{},2026-09-04T08:46:10.082820-05:00,2026-09-04T08:46:09.802000-05:00
210,MNQ,2026-09-04:NY,2,NY,1788529569802,29863.5,OB,OB(bull)·4h,0,0,"max_levels: 12 seated, cap 12",0.0,0.96,,{},2026-09-04T08:46:10.082820-05:00,2026-09-04T08:46:09.802000-05:00
211,MNQ,2026-09-04:NY,2,NY,1788529569802,29304.625,DEMAND,Demand·1h,0,0,"max_levels: 12 seated, cap 12",0.0,0.96,,{},2026-09-04T08:46:10.082820-05:00,2026-09-04T08:46:09.802000-05:00
212,MNQ,2026-09-04:NY,2,NY,1788529569802,29278.0,DEMAND,Demand·1h,10,1,,1.7160000000000002,0.96,A,{},2026-09-04T08:46:10.082820-05:00,2026-09-04T08:46:09.802000-05:00
213,MNQ,2026-09-04:NY,2,NY,1788529569802,29927.125,OB,OB(bear)·4h,0,0,"max_levels: 12 seated, cap 12",0.0,0.96,,{},2026-09-04T08:46:10.082820-05:00,2026-09-04T08:46:09.802000-05:00
214,MNQ,2026-09-04:NY,2,NY,1788529569802,29947.75,OB,OB(bull)·4h,0,0,"max_levels: 12 seated, cap 12",0.0,0.96,,{},2026-09-04T08:46:10.082820-05:00,2026-09-04T08:46:09.802000-05:00
215,MNQ,2026-09-04:NY,2,NY,1788529569802,29199.25,RTH-L,RTH-L,11,1,,1.6,0.96,A,{},2026-09-04T08:46:10.082820-05:00,2026-09-04T08:46:09.802000-05:00
216,MNQ,2026-09-04:NY,2,NY,1788529569802,29144.5,DEMAND,Demand·1h,12,1,,1.7160000000000002,0.96,A,{},2026-09-04T08:46:10.082820-05:00,2026-09-04T08:46:09.802000-05:00
217,MNQ,2026-09-04:NY,3,NY,1788531966251,29585.0,RTH-H,RTH-H,1,1,,0.8,0.5599999999999999,B,{},2026-09-04T09:26:06.335147-05:00,2026-09-04T09:26:06.251000-05:00
218,MNQ,2026-09-04:NY,3,NY,1788531966251,29597.25,PDC,PDC,2,1,,0.96,0.5599999999999999,B,{},2026-09-04T09:26:06.335147-05:00,2026-09-04T09:26:06.251000-05:00
219,MNQ,2026-09-04:NY,3,NY,1788531966251,29601.0,PDH,PDH,3,1,,0.96,0.5599999999999999,B,{},2026-09-04T09:26:06.335147-05:00,2026-09-04T09:26:06.251000-05:00
220,MNQ,2026-09-04:NY,3,NY,1788531966251,29553.75,OR-L,OR-L,4,1,,1.1199999999999999,0.5599999999999999,A,{},2026-09-04T09:26:06.335147-05:00,2026-09-04T09:26:06.251000-05:00
221,MNQ,2026-09-04:NY,3,NY,1788531966251,29545.0,OB,OB(bull)·4h,0,0,"max_levels: 12 seated, cap 12",0.0,0.5599999999999999,,{},2026-09-04T09:26:06.335147-05:00,2026-09-04T09:26:06.251000-05:00
222,MNQ,2026-09-04:NY,3,NY,1788531966251,29635.0,OR-H,OR-H,5,1,,0.5599999999999999,0.5599999999999999,C,{},2026-09-04T09:26:06.335147-05:00,2026-09-04T09:26:06.251000-05:00
223,MNQ,2026-09-04:NY,3,NY,1788531966251,29652.46183948487,VWAP,VWAP+1σ,6,1,,1.4400000000000002,0.5599999999999999,A,{},2026-09-04T09:26:06.335147-05:00,2026-09-04T09:26:06.251000-05:00
224,MNQ,2026-09-04:NY,3,NY,1788531966251,29481.5,ONL,ONL,7,1,,1.36,0.5599999999999999,A,{},2026-09-04T09:26:06.335147-05:00,2026-09-04T09:26:06.251000-05:00
225,MNQ,2026-09-04:NY,3,NY,1788531966251,29697.75,OB,OB(bull)·4h,8,1,,1.6473600000000002,0.5599999999999999,A,{},2026-09-04T09:26:06.335147-05:00,2026-09-04T09:26:06.251000-05:00
226,MNQ,2026-09-04:NY,3,NY,1788531966251,29720.0,ONH,ONH,9,1,,1.36,0.5599999999999999,A,{},2026-09-04T09:26:06.335147-05:00,2026-09-04T09:26:06.251000-05:00
227,MNQ,2026-09-04:NY,3,NY,1788531966251,29735.625,OB,OB(bull)·4h,0,0,"max_levels: 12 seated, cap 12",0.0,0.5599999999999999,,{},2026-09-04T09:26:06.335147-05:00,2026-09-04T09:26:06.251000-05:00
228,MNQ,2026-09-04:NY,3,NY,1788531966251,29736.625,OB,OB(bear)·4h,0,0,"max_levels: 12 seated, cap 12",0.0,0.5599999999999999,,{},2026-09-04T09:26:06.335147-05:00,2026-09-04T09:26:06.251000-05:00
229,MNQ,2026-09-04:NY,3,NY,1788531966251,29425.125,FVG,FVG·1h,0,0,"max_levels: 12 seated, cap 12",0.0,0.5599999999999999,,{},2026-09-04T09:26:06.335147-05:00,2026-09-04T09:26:06.251000-05:00
230,MNQ,2026-09-04:NY,3,NY,1788531966251,29752.25,OB,OB(bear)·4h,0,0,"max_levels: 12 seated, cap 12",0.0,0.5599999999999999,,{},2026-09-04T09:26:06.335147-05:00,2026-09-04T09:26:06.251000-05:00
231,MNQ,2026-09-04:NY,3,NY,1788531966251,29767.5,SUPPLY,Supply·4h,10,1,,1.6359200000000005,0.5599999999999999,A,{},2026-09-04T09:26:06.335147-05:00,2026-09-04T09:26:06.251000-05:00
232,MNQ,2026-09-04:NY,3,NY,1788531966251,29852.375,DEMAND,Demand·4h,0,0,"max_levels: 12 seated, cap 12",0.0,0.5599999999999999,,{},2026-09-04T09:26:06.335147-05:00,2026-09-04T09:26:06.251000-05:00
233,MNQ,2026-09-04:NY,3,NY,1788531966251,29854.0,DEMAND,Demand·1h,0,0,"max_levels: 12 seated, cap 12",0.0,0.5599999999999999,,{},2026-09-04T09:26:06.335147-05:00,2026-09-04T09:26:06.251000-05:00
234,MNQ,2026-09-04:NY,3,NY,1788531966251,29863.5,OB,OB(bull)·4h,0,0,"max_levels: 12 seated, cap 12",0.0,0.5599999999999999,,{},2026-09-04T09:26:06.335147-05:00,2026-09-04T09:26:06.251000-05:00
235,MNQ,2026-09-04:NY,3,NY,1788531966251,29304.625,DEMAND,Demand·1h,0,0,"max_levels: 12 seated, cap 12",0.0,0.5599999999999999,,{},2026-09-04T09:26:06.335147-05:00,2026-09-04T09:26:06.251000-05:00
236,MNQ,2026-09-04:NY,3,NY,1788531966251,29875.125,OB,OB(bull)·1h,0,0,"max_levels: 12 seated, cap 12",0.0,0.5599999999999999,,{},2026-09-04T09:26:06.335147-05:00,2026-09-04T09:26:06.251000-05:00
237,MNQ,2026-09-04:NY,3,NY,1788531966251,29927.125,OB,OB(bear)·4h,0,0,"max_levels: 12 seated, cap 12",0.0,0.5599999999999999,,{},2026-09-04T09:26:06.335147-05:00,2026-09-04T09:26:06.251000-05:00
238,MNQ,2026-09-04:NY,3,NY,1788531966251,29947.75,OB,OB(bull)·4h,0,0,"max_levels: 12 seated, cap 12",0.0,0.5599999999999999,,{},2026-09-04T09:26:06.335147-05:00,2026-09-04T09:26:06.251000-05:00
239,MNQ,2026-09-04:NY,3,NY,1788531966251,29199.25,RTH-L,RTH-L,11,1,,1.6,0.5599999999999999,A,{},2026-09-04T09:26:06.335147-05:00,2026-09-04T09:26:06.251000-05:00
240,MNQ,2026-09-04:NY,3,NY,1788531966251,29144.5,DEMAND,Demand·1h,12,1,,1.7160000000000002,0.5599999999999999,A,{},2026-09-04T09:26:06.335147-05:00,2026-09-04T09:26:06.251000-05:00
241,MNQ,2026-09-04:NY,3,NY,1788533885429,29545.0,OB,OB(bull)·4h,0,0,"max_levels: 12 seated, cap 12",0.0,0.5599999999999999,,{},2026-09-04T09:58:05.523192-05:00,2026-09-04T09:58:05.429000-05:00
242,MNQ,2026-09-04:NY,3,NY,1788533885429,29545.106465692643,VWAP,VWAP−1σ,1,1,,1.4400000000000002,0.5599999999999999,A,{},2026-09-04T09:58:05.523192-05:00,2026-09-04T09:58:05.429000-05:00
243,MNQ,2026-09-04:NY,3,NY,1788533885429,29553.75,OR-L,OR-L,2,1,,0.5599999999999999,0.5599999999999999,C,{},2026-09-04T09:58:05.523192-05:00,2026-09-04T09:58:05.429000-05:00
244,MNQ,2026-09-04:NY,3,NY,1788533885429,29481.5,ONL,ONL,3,1,,1.36,0.5599999999999999,A,{},2026-09-04T09:58:05.523192-05:00,2026-09-04T09:58:05.429000-05:00
245,MNQ,2026-09-04:NY,3,NY,1788533885429,29585.0,RTH-H,RTH-H,4,1,,0.8,0.5599999999999999,B,{},2026-09-04T09:58:05.523192-05:00,2026-09-04T09:58:05.429000-05:00
246,MNQ,2026-09-04:NY,3,NY,1788533885429,29597.25,PDC,PDC,5,1,,0.96,0.5599999999999999,B,{},2026-09-04T09:58:05.523192-05:00,2026-09-04T09:58:05.429000-05:00
247,MNQ,2026-09-04:NY,3,NY,1788533885429,29601.0,PDH,PDH,6,1,,0.96,0.5599999999999999,B,{},2026-09-04T09:58:05.523192-05:00,2026-09-04T09:58:05.429000-05:00
248,MNQ,2026-09-04:NY,3,NY,1788533885429,29425.125,FVG,FVG·1h,0,0,"max_levels: 12 seated, cap 12",0.0,0.5599999999999999,,{},2026-09-04T09:58:05.523192-05:00,2026-09-04T09:58:05.429000-05:00
249,MNQ,2026-09-04:NY,3,NY,1788533885429,29635.0,OR-H,OR-H,7,1,,0.5599999999999999,0.5599999999999999,C,{},2026-09-04T09:58:05.523192-05:00,2026-09-04T09:58:05.429000-05:00
250,MNQ,2026-09-04:NY,3,NY,1788533885429,29697.75,OB,OB(bull)·4h,0,0,"max_levels: 12 seated, cap 12",0.0,0.5599999999999999,,{},2026-09-04T09:58:05.523192-05:00,2026-09-04T09:58:05.429000-05:00
251,MNQ,2026-09-04:NY,3,NY,1788533885429,29720.0,ONH,ONH,8,1,,1.36,0.5599999999999999,A,{},2026-09-04T09:58:05.523192-05:00,2026-09-04T09:58:05.429000-05:00
252,MNQ,2026-09-04:NY,3,NY,1788533885429,29735.625,OB,OB(bull)·4h,0,0,"max_levels: 12 seated, cap 12",0.0,0.5599999999999999,,{},2026-09-04T09:58:05.523192-05:00,2026-09-04T09:58:05.429000-05:00
253,MNQ,2026-09-04:NY,3,NY,1788533885429,29304.625,DEMAND,Demand·1h,0,0,"max_levels: 12 seated, cap 12",0.0,0.5599999999999999,,{},2026-09-04T09:58:05.523192-05:00,2026-09-04T09:58:05.429000-05:00
254,MNQ,2026-09-04:NY,3,NY,1788533885429,29736.625,OB,OB(bear)·4h,0,0,"max_levels: 12 seated, cap 12",0.0,0.5599999999999999,,{},2026-09-04T09:58:05.523192-05:00,2026-09-04T09:58:05.429000-05:00
255,MNQ,2026-09-04:NY,3,NY,1788533885429,29767.5,SUPPLY,Supply·4h,9,1,,1.6359200000000005,0.5599999999999999,A,{},2026-09-04T09:58:05.523192-05:00,2026-09-04T09:58:05.429000-05:00
256,MNQ,2026-09-04:NY,3,NY,1788533885429,29199.25,RTH-L,RTH-L,10,1,,1.6,0.5599999999999999,A,{},2026-09-04T09:58:05.523192-05:00,2026-09-04T09:58:05.429000-05:00
257,MNQ,2026-09-04:NY,3,NY,1788533885429,29852.375,DEMAND,Demand·4h,0,0,"max_levels: 12 seated, cap 12",0.0,0.5599999999999999,,{},2026-09-04T09:58:05.523192-05:00,2026-09-04T09:58:05.429000-05:00
258,MNQ,2026-09-04:NY,3,NY,1788533885429,29854.0,DEMAND,Demand·1h,0,0,"max_levels: 12 seated, cap 12",0.0,0.5599999999999999,,{},2026-09-04T09:58:05.523192-05:00,2026-09-04T09:58:05.429000-05:00
259,MNQ,2026-09-04:NY,3,NY,1788533885429,29863.5,OB,OB(bull)·4h,0,0,"max_levels: 12 seated, cap 12",0.0,0.5599999999999999,,{},2026-09-04T09:58:05.523192-05:00,2026-09-04T09:58:05.429000-05:00
260,MNQ,2026-09-04:NY,3,NY,1788533885429,29875.125,OB,OB(bull)·1h,0,0,"max_levels: 12 seated, cap 12",0.0,0.5599999999999999,,{},2026-09-04T09:58:05.523192-05:00,2026-09-04T09:58:05.429000-05:00
261,MNQ,2026-09-04:NY,3,NY,1788533885429,29144.5,DEMAND,Demand·1h,11,1,,1.7160000000000002,0.5599999999999999,A,{},2026-09-04T09:58:05.523192-05:00,2026-09-04T09:58:05.429000-05:00
262,MNQ,2026-09-04:NY,3,NY,1788533885429,29927.125,OB,OB(bear)·4h,0,0,"max_levels: 12 seated, cap 12",0.0,0.5599999999999999,,{},2026-09-04T09:58:05.523192-05:00,2026-09-04T09:58:05.429000-05:00
263,MNQ,2026-09-04:NY,3,NY,1788533885429,29947.75,OB,OB(bull)·4h,0,0,"max_levels: 12 seated, cap 12",0.0,0.5599999999999999,,{},2026-09-04T09:58:05.523192-05:00,2026-09-04T09:58:05.429000-05:00
264,MNQ,2026-09-04:NY,3,NY,1788533885429,29075.0,PDL,PDL,12,1,,1.92,0.5599999999999999,A,{},2026-09-04T09:58:05.523192-05:00,2026-09-04T09:58:05.429000-05:00
265,MNQ,2026-09-04:NY,3,NY,1788535682438,29481.5,ONL,ONL,1,1,,1.36,0.5599999999999999,A,{},2026-09-04T10:28:02.516111-05:00,2026-09-04T10:28:02.438000-05:00
266,MNQ,2026-09-04:NY,3,NY,1788535682438,29533.938865054857,VWAP,VWAP−1σ,2,1,,1.4400000000000002,0.5599999999999999,A,{},2026-09-04T10:28:02.516111-05:00,2026-09-04T10:28:02.438000-05:00
267,MNQ,2026-09-04:NY,3,NY,1788535682438,29545.0,OB,OB(bull)·4h,0,0,"max_levels: 12 seated, cap 12",0.0,0.5599999999999999,,{},2026-09-04T10:28:02.516111-05:00,2026-09-04T10:28:02.438000-05:00
268,MNQ,2026-09-04:NY,3,NY,1788535682438,29553.75,OR-L,OR-L,3,1,,0.5599999999999999,0.5599999999999999,C,{},2026-09-04T10:28:02.516111-05:00,2026-09-04T10:28:02.438000-05:00
269,MNQ,2026-09-04:NY,3,NY,1788535682438,29425.125,FVG,FVG·1h,0,0,"max_levels: 12 seated, cap 12",0.0,0.5599999999999999,,{},2026-09-04T10:28:02.516111-05:00,2026-09-04T10:28:02.438000-05:00
270,MNQ,2026-09-04:NY,3,NY,1788535682438,29585.0,RTH-H,RTH-H,4,1,,0.8,0.5599999999999999,B,{},2026-09-04T10:28:02.516111-05:00,2026-09-04T10:28:02.438000-05:00
271,MNQ,2026-09-04:NY,3,NY,1788535682438,29597.25,PDC,PDC,5,1,,0.96,0.5599999999999999,B,{},2026-09-04T10:28:02.516111-05:00,2026-09-04T10:28:02.438000-05:00
272,MNQ,2026-09-04:NY,3,NY,1788535682438,29601.0,PDH,PDH,6,1,,0.96,0.5599999999999999,B,{},2026-09-04T10:28:02.516111-05:00,2026-09-04T10:28:02.438000-05:00
273,MNQ,2026-09-04:NY,3,NY,1788535682438,29635.0,OR-H,OR-H,7,1,,0.5599999999999999,0.5599999999999999,C,{},2026-09-04T10:28:02.516111-05:00,2026-09-04T10:28:02.438000-05:00
274,MNQ,2026-09-04:NY,3,NY,1788535682438,29697.75,OB,OB(bull)·4h,0,0,"max_levels: 12 seated, cap 12",0.0,0.5599999999999999,,{},2026-09-04T10:28:02.516111-05:00,2026-09-04T10:28:02.438000-05:00
275,MNQ,2026-09-04:NY,3,NY,1788535682438,29304.625,DEMAND,Demand·1h,0,0,"max_levels: 12 seated, cap 12",0.0,0.5599999999999999,,{},2026-09-04T10:28:02.516111-05:00,2026-09-04T10:28:02.438000-05:00
276,MNQ,2026-09-04:NY,3,NY,1788535682438,29720.0,ONH,ONH,8,1,,1.36,0.5599999999999999,A,{},2026-09-04T10:28:02.516111-05:00,2026-09-04T10:28:02.438000-05:00
277,MNQ,2026-09-04:NY,3,NY,1788535682438,29735.625,OB,OB(bull)·4h,0,0,"max_levels: 12 seated, cap 12",0.0,0.5599999999999999,,{},2026-09-04T10:28:02.516111-05:00,2026-09-04T10:28:02.438000-05:00
278,MNQ,2026-09-04:NY,3,NY,1788535682438,29736.625,OB,OB(bear)·4h,0,0,"max_levels: 12 seated, cap 12",0.0,0.5599999999999999,,{},2026-09-04T10:28:02.516111-05:00,2026-09-04T10:28:02.438000-05:00
279,MNQ,2026-09-04:NY,3,NY,1788535682438,29767.5,SUPPLY,Supply·4h,9,1,,1.6359200000000005,0.5599999999999999,A,{},2026-09-04T10:28:02.516111-05:00,2026-09-04T10:28:02.438000-05:00
280,MNQ,2026-09-04:NY,3,NY,1788535682438,29199.25,RTH-L,RTH-L,10,1,,1.6,0.5599999999999999,A,{},2026-09-04T10:28:02.516111-05:00,2026-09-04T10:28:02.438000-05:00
281,MNQ,2026-09-04:NY,3,NY,1788535682438,29852.375,DEMAND,Demand·4h,0,0,"max_levels: 12 seated, cap 12",0.0,0.5599999999999999,,{},2026-09-04T10:28:02.516111-05:00,2026-09-04T10:28:02.438000-05:00
282,MNQ,2026-09-04:NY,3,NY,1788535682438,29854.0,DEMAND,Demand·1h,0,0,"max_levels: 12 seated, cap 12",0.0,0.5599999999999999,,{},2026-09-04T10:28:02.516111-05:00,2026-09-04T10:28:02.438000-05:00
283,MNQ,2026-09-04:NY,3,NY,1788535682438,29144.5,DEMAND,Demand·1h,11,1,,1.7160000000000002,0.5599999999999999,A,{},2026-09-04T10:28:02.516111-05:00,2026-09-04T10:28:02.438000-05:00
284,MNQ,2026-09-04:NY,3,NY,1788535682438,29863.5,OB,OB(bull)·4h,0,0,"max_levels: 12 seated, cap 12",0.0,0.5599999999999999,,{},2026-09-04T10:28:02.516111-05:00,2026-09-04T10:28:02.438000-05:00
285,MNQ,2026-09-04:NY,3,NY,1788535682438,29875.125,OB,OB(bull)·1h,0,0,"max_levels: 12 seated, cap 12",0.0,0.5599999999999999,,{},2026-09-04T10:28:02.516111-05:00,2026-09-04T10:28:02.438000-05:00
286,MNQ,2026-09-04:NY,3,NY,1788535682438,29927.125,OB,OB(bear)·4h,0,0,"max_levels: 12 seated, cap 12",0.0,0.5599999999999999,,{},2026-09-04T10:28:02.516111-05:00,2026-09-04T10:28:02.438000-05:00
287,MNQ,2026-09-04:NY,3,NY,1788535682438,29075.0,PDL,PDL,12,1,,1.92,0.5599999999999999,A,{},2026-09-04T10:28:02.516111-05:00,2026-09-04T10:28:02.438000-05:00
288,MNQ,2026-09-04:NY,3,NY,1788535682438,29947.75,OB,OB(bull)·4h,0,0,"max_levels: 12 seated, cap 12",0.0,0.5599999999999999,,{},2026-09-04T10:28:02.516111-05:00,2026-09-04T10:28:02.438000-05:00
289,MNQ,2026-09-04:NY,3,NY,1788537310491,29526.38352939287,VWAP,VWAP−1σ,1,1,,1.4400000000000002,0.5599999999999999,A,{},2026-09-04T10:55:10.608291-05:00,2026-09-04T10:55:10.491000-05:00
290,MNQ,2026-09-04:NY,3,NY,1788537310491,29481.5,ONL,ONL,2,1,,0.68,0.5599999999999999,C,{},2026-09-04T10:55:10.608291-05:00,2026-09-04T10:55:10.491000-05:00
291,MNQ,2026-09-04:NY,3,NY,1788537310491,29545.0,OB,OB(bull)·4h,0,0,"max_levels: 12 seated, cap 12",0.0,0.5599999999999999,,{},2026-09-04T10:55:10.608291-05:00,2026-09-04T10:55:10.491000-05:00
292,MNQ,2026-09-04:NY,3,NY,1788537310491,29553.75,OR-L,OR-L,3,1,,0.5599999999999999,0.5599999999999999,C,{},2026-09-04T10:55:10.608291-05:00,2026-09-04T10:55:10.491000-05:00
293,MNQ,2026-09-04:NY,3,NY,1788537310491,29425.125,FVG,FVG·1h,0,0,"max_levels: 12 seated, cap 12",0.0,0.5599999999999999,,{},2026-09-04T10:55:10.608291-05:00,2026-09-04T10:55:10.491000-05:00
294,MNQ,2026-09-04:NY,3,NY,1788537310491,29585.0,RTH-H,RTH-H,4,1,,0.8,0.5599999999999999,B,{},2026-09-04T10:55:10.608291-05:00,2026-09-04T10:55:10.491000-05:00
295,MNQ,2026-09-04:NY,3,NY,1788537310491,29597.25,PDC,PDC,5,1,,0.96,0.5599999999999999,B,{},2026-09-04T10:55:10.608291-05:00,2026-09-04T10:55:10.491000-05:00
296,MNQ,2026-09-04:NY,3,NY,1788537310491,29601.0,PDH,PDH,6,1,,0.96,0.5599999999999999,B,{},2026-09-04T10:55:10.608291-05:00,2026-09-04T10:55:10.491000-05:00
297,MNQ,2026-09-04:NY,3,NY,1788537310491,29635.0,OR-H,OR-H,7,1,,0.5599999999999999,0.5599999999999999,C,{},2026-09-04T10:55:10.608291-05:00,2026-09-04T10:55:10.491000-05:00
298,MNQ,2026-09-04:NY,3,NY,1788537310491,29697.75,OB,OB(bull)·4h,8,1,,1.6473600000000002,0.5599999999999999,A,{},2026-09-04T10:55:10.608291-05:00,2026-09-04T10:55:10.491000-05:00
299,MNQ,2026-09-04:NY,3,NY,1788537310491,29304.625,DEMAND,Demand·1h,0,0,"max_levels: 12 seated, cap 12",0.0,0.5599999999999999,,{},2026-09-04T10:55:10.608291-05:00,2026-09-04T10:55:10.491000-05:00
300,MNQ,2026-09-04:NY,3,NY,1788537310491,29720.0,ONH,ONH,9,1,,1.36,0.5599999999999999,A,{},2026-09-04T10:55:10.608291-05:00,2026-09-04T10:55:10.491000-05:00
301,MNQ,2026-09-04:NY,3,NY,1788537310491,29735.625,OB,OB(bull)·4h,0,0,"max_levels: 12 seated, cap 12",0.0,0.5599999999999999,,{},2026-09-04T10:55:10.608291-05:00,2026-09-04T10:55:10.491000-05:00
302,MNQ,2026-09-04:NY,3,NY,1788537310491,29736.625,OB,OB(bear)·4h,0,0,"max_levels: 12 seated, cap 12",0.0,0.5599999999999999,,{},2026-09-04T10:55:10.608291-05:00,2026-09-04T10:55:10.491000-05:00
303,MNQ,2026-09-04:NY,3,NY,1788537310491,29752.25,OB,OB(bear)·4h,0,0,"max_levels: 12 seated, cap 12",0.0,0.5599999999999999,,{},2026-09-04T10:55:10.608291-05:00,2026-09-04T10:55:10.491000-05:00
304,MNQ,2026-09-04:NY,3,NY,1788537310491,29246.25,OB,OB(bull)·4h,0,0,"max_levels: 12 seated, cap 12",0.0,0.5599999999999999,,{},2026-09-04T10:55:10.608291-05:00,2026-09-04T10:55:10.491000-05:00
305,MNQ,2026-09-04:NY,3,NY,1788537310491,29199.25,RTH-L,RTH-L,10,1,,1.6,0.5599999999999999,A,{},2026-09-04T10:55:10.608291-05:00,2026-09-04T10:55:10.491000-05:00
306,MNQ,2026-09-04:NY,3,NY,1788537310491,29852.375,DEMAND,Demand·4h,0,0,"max_levels: 12 seated, cap 12",0.0,0.5599999999999999,,{},2026-09-04T10:55:10.608291-05:00,2026-09-04T10:55:10.491000-05:00
307,MNQ,2026-09-04:NY,3,NY,1788537310491,29854.0,DEMAND,Demand·1h,0,0,"max_levels: 12 seated, cap 12",0.0,0.5599999999999999,,{},2026-09-04T10:55:10.608291-05:00,2026-09-04T10:55:10.491000-05:00
308,MNQ,2026-09-04:NY,3,NY,1788537310491,29863.5,OB,OB(bull)·4h,0,0,"max_levels: 12 seated, cap 12",0.0,0.5599999999999999,,{},2026-09-04T10:55:10.608291-05:00,2026-09-04T10:55:10.491000-05:00
309,MNQ,2026-09-04:NY,3,NY,1788537310491,29144.5,DEMAND,Demand·1h,11,1,,1.7160000000000002,0.5599999999999999,A,{},2026-09-04T10:55:10.608291-05:00,2026-09-04T10:55:10.491000-05:00
310,MNQ,2026-09-04:NY,3,NY,1788537310491,29875.125,OB,OB(bull)·1h,0,0,"max_levels: 12 seated, cap 12",0.0,0.5599999999999999,,{},2026-09-04T10:55:10.608291-05:00,2026-09-04T10:55:10.491000-05:00
311,MNQ,2026-09-04:NY,3,NY,1788537310491,29101.75,PDL,PDL,12,1,,1.92,0.5599999999999999,A,{},2026-09-04T10:55:10.608291-05:00,2026-09-04T10:55:10.491000-05:00
312,MNQ,2026-09-04:NY,3,NY,1788537310491,29927.125,OB,OB(bear)·4h,0,0,"max_levels: 12 seated, cap 12",0.0,0.5599999999999999,,{},2026-09-04T10:55:10.608291-05:00,2026-09-04T10:55:10.491000-05:00
313,MNQ,2026-09-04:NY,4,NY,1788539108201,29553.75,OR-L,OR-L,1,1,,0.5599999999999999,0.5599999999999999,C,{},2026-09-04T11:25:08.281427-05:00,2026-09-04T11:25:08.201000-05:00
314,MNQ,2026-09-04:NY,4,NY,1788539108201,29545.0,OB,OB(bull)·4h,0,0,"max_levels: 12 seated, cap 12",0.0,0.5599999999999999,,{},2026-09-04T11:25:08.281427-05:00,2026-09-04T11:25:08.201000-05:00
315,MNQ,2026-09-04:NY,4,NY,1788539108201,29530.634375,POC,POC,2,1,,1.4400000000000002,0.5599999999999999,A,{},2026-09-04T11:25:08.281427-05:00,2026-09-04T11:25:08.201000-05:00
316,MNQ,2026-09-04:NY,4,NY,1788539108201,29585.0,RTH-H,RTH-H,3,1,,0.8,0.5599999999999999,B,{},2026-09-04T11:25:08.281427-05:00,2026-09-04T11:25:08.201000-05:00
317,MNQ,2026-09-04:NY,4,NY,1788539108201,29597.25,PDC,PDC,4,1,,0.96,0.5599999999999999,B,{},2026-09-04T11:25:08.281427-05:00,2026-09-04T11:25:08.201000-05:00
318,MNQ,2026-09-04:NY,4,NY,1788539108201,29601.0,PDH,PDH,5,1,,0.96,0.5599999999999999,B,{},2026-09-04T11:25:08.281427-05:00,2026-09-04T11:25:08.201000-05:00
319,MNQ,2026-09-04:NY,4,NY,1788539108201,29481.5,ONL,ONL,6,1,,0.68,0.5599999999999999,C,{},2026-09-04T11:25:08.281427-05:00,2026-09-04T11:25:08.201000-05:00
320,MNQ,2026-09-04:NY,4,NY,1788539108201,29635.0,OR-H,OR-H,7,1,,0.5599999999999999,0.5599999999999999,C,{},2026-09-04T11:25:08.281427-05:00,2026-09-04T11:25:08.201000-05:00
321,MNQ,2026-09-04:NY,4,NY,1788539108201,29425.125,FVG,FVG·1h,8,1,,1.56,0.5599999999999999,A,{},2026-09-04T11:25:08.281427-05:00,2026-09-04T11:25:08.201000-05:00
322,MNQ,2026-09-04:NY,4,NY,1788539108201,29720.0,ONH,ONH,9,1,,1.36,0.5599999999999999,A,{},2026-09-04T11:25:08.281427-05:00,2026-09-04T11:25:08.201000-05:00
323,MNQ,2026-09-04:NY,4,NY,1788539108201,29735.625,OB,OB(bull)·4h,0,0,"max_levels: 12 seated, cap 12",0.0,0.5599999999999999,,{},2026-09-04T11:25:08.281427-05:00,2026-09-04T11:25:08.201000-05:00
324,MNQ,2026-09-04:NY,4,NY,1788539108201,29736.625,OB,OB(bear)·4h,0,0,"max_levels: 12 seated, cap 12",0.0,0.5599999999999999,,{},2026-09-04T11:25:08.281427-05:00,2026-09-04T11:25:08.201000-05:00
325,MNQ,2026-09-04:NY,4,NY,1788539108201,29752.25,OB,OB(bear)·4h,0,0,"max_levels: 12 seated, cap 12",0.0,0.5599999999999999,,{},2026-09-04T11:25:08.281427-05:00,2026-09-04T11:25:08.201000-05:00
326,MNQ,2026-09-04:NY,4,NY,1788539108201,29767.5,SUPPLY,Supply·4h,0,0,"max_levels: 12 seated, cap 12",0.0,0.5599999999999999,,{},2026-09-04T11:25:08.281427-05:00,2026-09-04T11:25:08.201000-05:00
327,MNQ,2026-09-04:NY,4,NY,1788539108201,29304.625,DEMAND,Demand·1h,0,0,"max_levels: 12 seated, cap 12",0.0,0.5599999999999999,,{},2026-09-04T11:25:08.281427-05:00,2026-09-04T11:25:08.201000-05:00
328,MNQ,2026-09-04:NY,4,NY,1788539108201,29852.375,DEMAND,Demand·4h,0,0,"max_levels: 12 seated, cap 12",0.0,0.5599999999999999,,{},2026-09-04T11:25:08.281427-05:00,2026-09-04T11:25:08.201000-05:00
329,MNQ,2026-09-04:NY,4,NY,1788539108201,29854.0,DEMAND,Demand·1h,0,0,"max_levels: 12 seated, cap 12",0.0,0.5599999999999999,,{},2026-09-04T11:25:08.281427-05:00,2026-09-04T11:25:08.201000-05:00
330,MNQ,2026-09-04:NY,4,NY,1788539108201,29246.25,OB,OB(bull)·4h,0,0,"max_levels: 12 seated, cap 12",0.0,0.5599999999999999,,{},2026-09-04T11:25:08.281427-05:00,2026-09-04T11:25:08.201000-05:00
331,MNQ,2026-09-04:NY,4,NY,1788539108201,29863.5,OB,OB(bull)·4h,0,0,"max_levels: 12 seated, cap 12",0.0,0.5599999999999999,,{},2026-09-04T11:25:08.281427-05:00,2026-09-04T11:25:08.201000-05:00
332,MNQ,2026-09-04:NY,4,NY,1788539108201,29875.125,OB,OB(bull)·1h,0,0,"max_levels: 12 seated, cap 12",0.0,0.5599999999999999,,{},2026-09-04T11:25:08.281427-05:00,2026-09-04T11:25:08.201000-05:00
333,MNQ,2026-09-04:NY,4,NY,1788539108201,29199.25,RTH-L,RTH-L,10,1,,0.8,0.5599999999999999,B,{},2026-09-04T11:25:08.281427-05:00,2026-09-04T11:25:08.201000-05:00
334,MNQ,2026-09-04:NY,4,NY,1788539108201,29927.125,OB,OB(bear)·4h,0,0,"max_levels: 12 seated, cap 12",0.0,0.5599999999999999,,{},2026-09-04T11:25:08.281427-05:00,2026-09-04T11:25:08.201000-05:00
335,MNQ,2026-09-04:NY,4,NY,1788539108201,29144.5,DEMAND,Demand·1h,11,1,,1.7160000000000002,0.5599999999999999,A,{},2026-09-04T11:25:08.281427-05:00,2026-09-04T11:25:08.201000-05:00
336,MNQ,2026-09-04:NY,4,NY,1788539108201,29101.75,PDL,PDL,12,1,,1.92,0.5599999999999999,A,{},2026-09-04T11:25:08.281427-05:00,2026-09-04T11:25:08.201000-05:00
337,MNQ,2026-09-04:NY,5,NY,1788541261727,29579.561688096717,VWAP,VWAP,1,1,,1.4400000000000002,0.5599999999999999,A,{},2026-09-04T12:01:01.821976-05:00,2026-09-04T12:01:01.727000-05:00
338,MNQ,2026-09-04:NY,5,NY,1788541261727,29585.0,RTH-H,RTH-H,2,1,,0.8,0.5599999999999999,B,{},2026-09-04T12:01:01.821976-05:00,2026-09-04T12:01:01.727000-05:00
339,MNQ,2026-09-04:NY,5,NY,1788541261727,29553.75,OR-L,OR-L,3,1,,0.5599999999999999,0.5599999999999999,C,{},2026-09-04T12:01:01.821976-05:00,2026-09-04T12:01:01.727000-05:00
340,MNQ,2026-09-04:NY,5,NY,1788541261727,29545.0,OB,OB(bull)·4h,0,0,"max_levels: 12 seated, cap 12",0.0,0.5599999999999999,,{},2026-09-04T12:01:01.821976-05:00,2026-09-04T12:01:01.727000-05:00
341,MNQ,2026-09-04:NY,5,NY,1788541261727,29597.25,PDC,PDC,4,1,,0.96,0.5599999999999999,B,{},2026-09-04T12:01:01.821976-05:00,2026-09-04T12:01:01.727000-05:00
342,MNQ,2026-09-04:NY,5,NY,1788541261727,29601.0,PDH,PDH,5,1,,0.96,0.5599999999999999,B,{},2026-09-04T12:01:01.821976-05:00,2026-09-04T12:01:01.727000-05:00
343,MNQ,2026-09-04:NY,5,NY,1788541261727,29635.0,OR-H,OR-H,6,1,,0.5599999999999999,0.5599999999999999,C,{},2026-09-04T12:01:01.821976-05:00,2026-09-04T12:01:01.727000-05:00
344,MNQ,2026-09-04:NY,5,NY,1788541261727,29481.5,ONL,ONL,7,1,,0.68,0.5599999999999999,C,{},2026-09-04T12:01:01.821976-05:00,2026-09-04T12:01:01.727000-05:00
345,MNQ,2026-09-04:NY,5,NY,1788541261727,29425.125,FVG,FVG·1h,8,1,,1.56,0.5599999999999999,A,{},2026-09-04T12:01:01.821976-05:00,2026-09-04T12:01:01.727000-05:00
346,MNQ,2026-09-04:NY,5,NY,1788541261727,29720.0,ONH,ONH,9,1,,1.36,0.5599999999999999,A,{},2026-09-04T12:01:01.821976-05:00,2026-09-04T12:01:01.727000-05:00
347,MNQ,2026-09-04:NY,5,NY,1788541261727,29735.625,OB,OB(bull)·4h,0,0,"max_levels: 12 seated, cap 12",0.0,0.5599999999999999,,{},2026-09-04T12:01:01.821976-05:00,2026-09-04T12:01:01.727000-05:00
348,MNQ,2026-09-04:NY,5,NY,1788541261727,29736.625,OB,OB(bear)·4h,0,0,"max_levels: 12 seated, cap 12",0.0,0.5599999999999999,,{},2026-09-04T12:01:01.821976-05:00,2026-09-04T12:01:01.727000-05:00
349,MNQ,2026-09-04:NY,5,NY,1788541261727,29752.25,OB,OB(bear)·4h,0,0,"max_levels: 12 seated, cap 12",0.0,0.5599999999999999,,{},2026-09-04T12:01:01.821976-05:00,2026-09-04T12:01:01.727000-05:00
350,MNQ,2026-09-04:NY,5,NY,1788541261727,29767.5,SUPPLY,Supply·4h,0,0,"max_levels: 12 seated, cap 12",0.0,0.5599999999999999,,{},2026-09-04T12:01:01.821976-05:00,2026-09-04T12:01:01.727000-05:00
351,MNQ,2026-09-04:NY,5,NY,1788541261727,29304.625,DEMAND,Demand·1h,0,0,"max_levels: 12 seated, cap 12",0.0,0.5599999999999999,,{},2026-09-04T12:01:01.821976-05:00,2026-09-04T12:01:01.727000-05:00
352,MNQ,2026-09-04:NY,5,NY,1788541261727,29852.375,DEMAND,Demand·4h,0,0,"max_levels: 12 seated, cap 12",0.0,0.5599999999999999,,{},2026-09-04T12:01:01.821976-05:00,2026-09-04T12:01:01.727000-05:00
353,MNQ,2026-09-04:NY,5,NY,1788541261727,29854.0,DEMAND,Demand·1h,0,0,"max_levels: 12 seated, cap 12",0.0,0.5599999999999999,,{},2026-09-04T12:01:01.821976-05:00,2026-09-04T12:01:01.727000-05:00
354,MNQ,2026-09-04:NY,5,NY,1788541261727,29863.5,OB,OB(bull)·4h,0,0,"max_levels: 12 seated, cap 12",0.0,0.5599999999999999,,{},2026-09-04T12:01:01.821976-05:00,2026-09-04T12:01:01.727000-05:00
355,MNQ,2026-09-04:NY,5,NY,1788541261727,29875.125,OB,OB(bull)·1h,0,0,"max_levels: 12 seated, cap 12",0.0,0.5599999999999999,,{},2026-09-04T12:01:01.821976-05:00,2026-09-04T12:01:01.727000-05:00
356,MNQ,2026-09-04:NY,5,NY,1788541261727,29246.25,OB,OB(bull)·4h,0,0,"max_levels: 12 seated, cap 12",0.0,0.5599999999999999,,{},2026-09-04T12:01:01.821976-05:00,2026-09-04T12:01:01.727000-05:00
357,MNQ,2026-09-04:NY,5,NY,1788541261727,29927.125,OB,OB(bear)·4h,0,0,"max_levels: 12 seated, cap 12",0.0,0.5599999999999999,,{},2026-09-04T12:01:01.821976-05:00,2026-09-04T12:01:01.727000-05:00
358,MNQ,2026-09-04:NY,5,NY,1788541261727,29199.25,RTH-L,RTH-L,10,1,,0.8,0.5599999999999999,B,{},2026-09-04T12:01:01.821976-05:00,2026-09-04T12:01:01.727000-05:00
359,MNQ,2026-09-04:NY,5,NY,1788541261727,29144.5,DEMAND,Demand·1h,11,1,,1.7160000000000002,0.5599999999999999,A,{},2026-09-04T12:01:01.821976-05:00,2026-09-04T12:01:01.727000-05:00
360,MNQ,2026-09-04:NY,5,NY,1788541261727,29101.75,PDL,PDL,12,1,,1.92,0.5599999999999999,A,{},2026-09-04T12:01:01.821976-05:00,2026-09-04T12:01:01.727000-05:00
361,MNQ,2026-09-06:ASIA,0,ASIA,1788730350246,29524.75,PDC,PDC,1,1,,1.92,1.36,A,{},2026-09-06T16:32:30.330797-05:00,2026-09-06T16:32:30.246000-05:00
362,MNQ,2026-09-06:ASIA,0,ASIA,1788730350246,29534.334375,nPOC,nPOC·2026-09-03,2,1,,1.36,1.36,A,{},2026-09-06T16:32:30.330797-05:00,2026-09-06T16:32:30.246000-05:00
363,MNQ,2026-09-06:ASIA,0,ASIA,1788730350246,29539.375,SUPPLY,Supply·1h,3,1,,1.7160000000000002,1.36,A,{},2026-09-06T16:32:30.330797-05:00,2026-09-06T16:32:30.246000-05:00
364,MNQ,2026-09-06:ASIA,0,ASIA,1788730350246,29541.125,DEMAND,Demand·1h,4,1,,1.7160000000000002,1.36,A,{},2026-09-06T16:32:30.330797-05:00,2026-09-06T16:32:30.246000-05:00
365,MNQ,2026-09-06:ASIA,0,ASIA,1788730350246,29545.0,OB,OB(bull)·4h,0,0,"max_levels: 12 seated, cap 12",0.0,1.36,,{},2026-09-06T16:32:30.330797-05:00,2026-09-06T16:32:30.246000-05:00
366,MNQ,2026-09-06:ASIA,0,ASIA,1788730350246,29502.875,OB,OB(bear)·1h,5,1,,1.6800000000000002,1.36,A,{},2026-09-06T16:32:30.330797-05:00,2026-09-06T16:32:30.246000-05:00
367,MNQ,2026-09-06:ASIA,0,ASIA,1788730350246,29498.5,OB,OB(bear)·1h,0,0,"max_levels: 12 seated, cap 12",0.0,1.36,,{},2026-09-06T16:32:30.330797-05:00,2026-09-06T16:32:30.246000-05:00
368,MNQ,2026-09-06:ASIA,0,ASIA,1788730350246,29468.25,PDL,PDL,6,1,,1.92,1.36,A,{},2026-09-06T16:32:30.330797-05:00,2026-09-06T16:32:30.246000-05:00
369,MNQ,2026-09-06:ASIA,0,ASIA,1788730350246,29465.125,SUPPLY,Supply·1h,7,1,,1.5100800000000005,1.36,A,{},2026-09-06T16:32:30.330797-05:00,2026-09-06T16:32:30.246000-05:00
370,MNQ,2026-09-06:ASIA,0,ASIA,1788730350246,29462.5,SUPPLY,Supply·4h,8,1,,1.6359200000000005,1.36,A,{},2026-09-06T16:32:30.330797-05:00,2026-09-06T16:32:30.246000-05:00
371,MNQ,2026-09-06:ASIA,0,ASIA,1788730350246,29432.25,OB,OB(bull)·1h,9,1,,1.6800000000000002,1.36,A,{},2026-09-06T16:32:30.330797-05:00,2026-09-06T16:32:30.246000-05:00
372,MNQ,2026-09-06:ASIA,0,ASIA,1788730350246,29619.5,OB,OB(bear)·1h,0,0,"max_levels: 12 seated, cap 12",0.0,1.36,,{},2026-09-06T16:32:30.330797-05:00,2026-09-06T16:32:30.246000-05:00
373,MNQ,2026-09-06:ASIA,0,ASIA,1788730350246,29657.375,SUPPLY,Supply·1h,10,1,,1.7160000000000002,1.36,A,{},2026-09-06T16:32:30.330797-05:00,2026-09-06T16:32:30.246000-05:00
374,MNQ,2026-09-06:ASIA,0,ASIA,1788730350246,29664.25,OB,OB(bear)·4h,0,0,"max_levels: 12 seated, cap 12",0.0,1.36,,{},2026-09-06T16:32:30.330797-05:00,2026-09-06T16:32:30.246000-05:00
375,MNQ,2026-09-06:ASIA,0,ASIA,1788730350246,29692.0,RTH-H,RTH-H,11,1,,1.6,1.36,A,{},2026-09-06T16:32:30.330797-05:00,2026-09-06T16:32:30.246000-05:00
376,MNQ,2026-09-06:ASIA,0,ASIA,1788730350246,29697.75,OB,OB(bull)·4h,0,0,"max_levels: 12 seated, cap 12",0.0,1.36,,{},2026-09-06T16:32:30.330797-05:00,2026-09-06T16:32:30.246000-05:00
377,MNQ,2026-09-06:ASIA,0,ASIA,1788730350246,29720.0,PDH,PDH,12,1,,1.92,1.36,A,{},2026-09-06T16:32:30.330797-05:00,2026-09-06T16:32:30.246000-05:00
378,MNQ,2026-09-06:ASIA,0,ASIA,1788730350246,29324.5,OB,OB(bull)·1h,0,0,"max_levels: 12 seated, cap 12",0.0,1.36,,{},2026-09-06T16:32:30.330797-05:00,2026-09-06T16:32:30.246000-05:00
379,MNQ,2026-09-06:ASIA,0,ASIA,1788730350246,29736.625,OB,OB(bear)·4h,0,0,"max_levels: 12 seated, cap 12",0.0,1.36,,{},2026-09-06T16:32:30.330797-05:00,2026-09-06T16:32:30.246000-05:00
380,MNQ,2026-09-06:ASIA,0,ASIA,1788730350246,29209.25,SUPPLY,Supply·1h,0,0,"max_levels: 12 seated, cap 12",0.0,1.36,,{},2026-09-06T16:32:30.330797-05:00,2026-09-06T16:32:30.246000-05:00
381,MNQ,2026-09-06:ASIA,0,ASIA,1788730350246,29852.375,DEMAND,Demand·4h,0,0,"max_levels: 12 seated, cap 12",0.0,1.36,,{},2026-09-06T16:32:30.330797-05:00,2026-09-06T16:32:30.246000-05:00
382,MNQ,2026-09-06:ASIA,0,ASIA,1788730350246,29863.5,OB,OB(bull)·4h,0,0,"max_levels: 12 seated, cap 12",0.0,1.36,,{},2026-09-06T16:32:30.330797-05:00,2026-09-06T16:32:30.246000-05:00
383,MNQ,2026-09-06:ASIA,0,ASIA,1788730350246,29875.125,OB,OB(bull)·1h,0,0,"max_levels: 12 seated, cap 12",0.0,1.36,,{},2026-09-06T16:32:30.330797-05:00,2026-09-06T16:32:30.246000-05:00
384,MNQ,2026-09-06:ASIA,0,ASIA,1788730350246,29891.625,OB,OB(bull)·4h,0,0,"max_levels: 12 seated, cap 12",0.0,1.36,,{},2026-09-06T16:32:30.330797-05:00,2026-09-06T16:32:30.246000-05:00
385,MNQ,2026-09-06:ASIA,1,ASIA,1788732930907,29578.0,OB,OB(bull)·1h,0,0,"max_levels: 12 seated, cap 12",0.0,1.36,,{},2026-09-06T17:15:31.032028-05:00,2026-09-06T17:15:30.907000-05:00
386,MNQ,2026-09-06:ASIA,1,ASIA,1788732930907,29577.75,EQL,EQL·1h,0,0,"max_levels: 12 seated, cap 12",0.0,1.36,,{},2026-09-06T17:15:31.032028-05:00,2026-09-06T17:15:30.907000-05:00
387,MNQ,2026-09-06:ASIA,1,ASIA,1788732930907,29582.73337052577,VWAP,VWAP+1σ,1,1,,1.4400000000000002,1.36,A,{},2026-09-06T17:15:31.032028-05:00,2026-09-06T17:15:30.907000-05:00
388,MNQ,2026-09-06:ASIA,1,ASIA,1788732930907,29571.217131294965,VWAP,VWAP,2,1,,1.4400000000000002,1.36,A,{},2026-09-06T17:15:31.032028-05:00,2026-09-06T17:15:30.907000-05:00
389,MNQ,2026-09-06:ASIA,1,ASIA,1788732930907,29587.75,ONH,ONH,3,1,,1.36,1.36,A,{},2026-09-06T17:15:31.032028-05:00,2026-09-06T17:15:30.907000-05:00
390,MNQ,2026-09-06:ASIA,1,ASIA,1788732930907,29594.249609756575,VWAP±2σ,VWAP+2σ,0,0,"max_levels: 12 seated, cap 12",0.0,1.36,,{},2026-09-06T17:15:31.032028-05:00,2026-09-06T17:15:30.907000-05:00
391,MNQ,2026-09-06:ASIA,1,ASIA,1788732930907,29559.70089206416,VWAP,VWAP−1σ,4,1,,1.4400000000000002,1.36,A,{},2026-09-06T17:15:31.032028-05:00,2026-09-06T17:15:30.907000-05:00
392,MNQ,2026-09-06:ASIA,1,ASIA,1788732930907,29607.5,OB,OB(bear)·1h,5,1,,1.4784000000000002,1.36,A,{},2026-09-06T17:15:31.032028-05:00,2026-09-06T17:15:30.907000-05:00
393,MNQ,2026-09-06:ASIA,1,ASIA,1788732930907,29548.184652833355,VWAP±2σ,VWAP−2σ,0,0,"max_levels: 12 seated, cap 12",0.0,1.36,,{},2026-09-06T17:15:31.032028-05:00,2026-09-06T17:15:30.907000-05:00
394,MNQ,2026-09-06:ASIA,1,ASIA,1788732930907,29545.0,OB,OB(bull)·4h,6,1,,1.4976,1.36,A,{},2026-09-06T17:15:31.032028-05:00,2026-09-06T17:15:30.907000-05:00
395,MNQ,2026-09-06:ASIA,1,ASIA,1788732930907,29619.25,EQH,EQH·1h,0,0,"max_levels: 12 seated, cap 12",0.0,1.36,,{},2026-09-06T17:15:31.032028-05:00,2026-09-06T17:15:30.907000-05:00
396,MNQ,2026-09-06:ASIA,1,ASIA,1788732930907,29530.25,ONL,ONL,7,1,,1.36,1.36,A,{},2026-09-06T17:15:31.032028-05:00,2026-09-06T17:15:30.907000-05:00
397,MNQ,2026-09-06:ASIA,1,ASIA,1788732930907,29524.75,PDC,PDC,8,1,,1.92,1.36,A,{},2026-09-06T17:15:31.032028-05:00,2026-09-06T17:15:30.907000-05:00
398,MNQ,2026-09-06:ASIA,1,ASIA,1788732930907,29468.25,PDL,PDL,9,1,,1.92,1.36,A,{},2026-09-06T17:15:31.032028-05:00,2026-09-06T17:15:30.907000-05:00
399,MNQ,2026-09-06:ASIA,1,ASIA,1788732930907,29692.0,RTH-H,RTH-H,10,1,,1.6,1.36,A,{},2026-09-06T17:15:31.032028-05:00,2026-09-06T17:15:30.907000-05:00
400,MNQ,2026-09-06:ASIA,1,ASIA,1788732930907,29720.0,PDH,PDH,11,1,,1.92,1.36,A,{},2026-09-06T17:15:31.032028-05:00,2026-09-06T17:15:30.907000-05:00
401,MNQ,2026-09-06:ASIA,1,ASIA,1788732930907,29736.625,OB,OB(bear)·4h,12,1,,1.4976,1.36,A,{},2026-09-06T17:15:31.032028-05:00,2026-09-06T17:15:30.907000-05:00
402,MNQ,2026-09-06:ASIA,1,ASIA,1788732930907,29753.625,IFVG,iFVG(bull)·4h,0,0,"max_levels: 12 seated, cap 12",0.0,1.36,,{},2026-09-06T17:15:31.032028-05:00,2026-09-06T17:15:30.907000-05:00
403,MNQ,2026-09-06:ASIA,1,ASIA,1788732930907,29852.375,DEMAND,Demand·4h,0,0,"max_levels: 12 seated, cap 12",0.0,1.36,,{},2026-09-06T17:15:31.032028-05:00,2026-09-06T17:15:30.907000-05:00
404,MNQ,2026-09-06:ASIA,1,ASIA,1788732930907,29854.0,DEMAND,Demand·1h,0,0,"max_levels: 12 seated, cap 12",0.0,1.36,,{},2026-09-06T17:15:31.032028-05:00,2026-09-06T17:15:30.907000-05:00
405,MNQ,2026-09-06:ASIA,1,ASIA,1788732930907,29863.5,OB,OB(bull)·4h,0,0,"max_levels: 12 seated, cap 12",0.0,1.36,,{},2026-09-06T17:15:31.032028-05:00,2026-09-06T17:15:30.907000-05:00
406,MNQ,2026-09-06:ASIA,1,ASIA,1788732930907,29875.125,OB,OB(bull)·1h,0,0,"max_levels: 12 seated, cap 12",0.0,1.36,,{},2026-09-06T17:15:31.032028-05:00,2026-09-06T17:15:30.907000-05:00
407,MNQ,2026-09-06:ASIA,1,ASIA,1788732930907,29891.625,OB,OB(bull)·4h,0,0,"max_levels: 12 seated, cap 12",0.0,1.36,,{},2026-09-06T17:15:31.032028-05:00,2026-09-06T17:15:30.907000-05:00
408,MNQ,2026-09-06:ASIA,1,ASIA,1788732930907,29927.125,OB,OB(bear)·4h,0,0,"max_levels: 12 seated, cap 12",0.0,1.36,,{},2026-09-06T17:15:31.032028-05:00,2026-09-06T17:15:30.907000-05:00
409,MNQ,2026-09-06:ASIA,1,ASIA,1788734726878,29578.0,OB,OB(bull)·1h,0,0,"max_levels: 12 seated, cap 12",0.0,1.36,,{},2026-09-06T17:45:27.120744-05:00,2026-09-06T17:45:26.878000-05:00
410,MNQ,2026-09-06:ASIA,1,ASIA,1788734726878,29575.482561944846,VWAP,VWAP,1,1,,1.4400000000000002,1.36,A,{},2026-09-06T17:45:27.120744-05:00,2026-09-06T17:45:26.878000-05:00
411,MNQ,2026-09-06:ASIA,1,ASIA,1788734726878,29587.75,ONH,ONH,2,1,,1.36,1.36,A,{},2026-09-06T17:45:27.120744-05:00,2026-09-06T17:45:26.878000-05:00
412,MNQ,2026-09-06:ASIA,1,ASIA,1788734726878,29594.39965972559,VWAP±2σ,VWAP+2σ,3,1,,1.36,1.36,A,{},2026-09-06T17:45:27.120744-05:00,2026-09-06T17:45:26.878000-05:00
413,MNQ,2026-09-06:ASIA,1,ASIA,1788734726878,29566.024013054473,VWAP,VWAP−1σ,4,1,,1.4400000000000002,1.36,A,{},2026-09-06T17:45:27.120744-05:00,2026-09-06T17:45:26.878000-05:00
414,MNQ,2026-09-06:ASIA,1,ASIA,1788734726878,29607.5,OB,OB(bear)·1h,5,1,,1.4784000000000002,1.36,A,{},2026-09-06T17:45:27.120744-05:00,2026-09-06T17:45:26.878000-05:00
415,MNQ,2026-09-06:ASIA,1,ASIA,1788734726878,29545.0,OB,OB(bull)·4h,6,1,,1.4976,1.36,A,{},2026-09-06T17:45:27.120744-05:00,2026-09-06T17:45:26.878000-05:00
416,MNQ,2026-09-06:ASIA,1,ASIA,1788734726878,29619.25,EQH,EQH·1h,0,0,"max_levels: 12 seated, cap 12",0.0,1.36,,{},2026-09-06T17:45:27.120744-05:00,2026-09-06T17:45:26.878000-05:00
417,MNQ,2026-09-06:ASIA,1,ASIA,1788734726878,29530.25,ONL,ONL,7,1,,1.36,1.36,A,{},2026-09-06T17:45:27.120744-05:00,2026-09-06T17:45:26.878000-05:00
418,MNQ,2026-09-06:ASIA,1,ASIA,1788734726878,29524.75,PDC,PDC,8,1,,1.92,1.36,A,{},2026-09-06T17:45:27.120744-05:00,2026-09-06T17:45:26.878000-05:00
419,MNQ,2026-09-06:ASIA,1,ASIA,1788734726878,29666.0,EQL,EQL·4h,0,0,"max_levels: 12 seated, cap 12",0.0,1.36,,{},2026-09-06T17:45:27.120744-05:00,2026-09-06T17:45:26.878000-05:00
420,MNQ,2026-09-06:ASIA,1,ASIA,1788734726878,29481.5,EQL,EQL·1h,0,0,"max_levels: 12 seated, cap 12",0.0,1.36,,{},2026-09-06T17:45:27.120744-05:00,2026-09-06T17:45:26.878000-05:00
421,MNQ,2026-09-06:ASIA,1,ASIA,1788734726878,29692.0,RTH-H,RTH-H,9,1,,1.6,1.36,A,{},2026-09-06T17:45:27.120744-05:00,2026-09-06T17:45:26.878000-05:00
422,MNQ,2026-09-06:ASIA,1,ASIA,1788734726878,29468.25,PDL,PDL,10,1,,1.92,1.36,A,{},2026-09-06T17:45:27.120744-05:00,2026-09-06T17:45:26.878000-05:00
423,MNQ,2026-09-06:ASIA,1,ASIA,1788734726878,29720.0,PDH,PDH,11,1,,1.92,1.36,A,{},2026-09-06T17:45:27.120744-05:00,2026-09-06T17:45:26.878000-05:00
424,MNQ,2026-09-06:ASIA,1,ASIA,1788734726878,29736.625,OB,OB(bear)·4h,12,1,,1.4976,1.36,A,{},2026-09-06T17:45:27.120744-05:00,2026-09-06T17:45:26.878000-05:00
425,MNQ,2026-09-06:ASIA,1,ASIA,1788734726878,29753.625,IFVG,iFVG(bull)·4h,0,0,"max_levels: 12 seated, cap 12",0.0,1.36,,{},2026-09-06T17:45:27.120744-05:00,2026-09-06T17:45:26.878000-05:00
426,MNQ,2026-09-06:ASIA,1,ASIA,1788734726878,29852.375,DEMAND,Demand·4h,0,0,"max_levels: 12 seated, cap 12",0.0,1.36,,{},2026-09-06T17:45:27.120744-05:00,2026-09-06T17:45:26.878000-05:00
427,MNQ,2026-09-06:ASIA,1,ASIA,1788734726878,29854.0,DEMAND,Demand·1h,0,0,"max_levels: 12 seated, cap 12",0.0,1.36,,{},2026-09-06T17:45:27.120744-05:00,2026-09-06T17:45:26.878000-05:00
428,MNQ,2026-09-06:ASIA,1,ASIA,1788734726878,29863.5,OB,OB(bull)·4h,0,0,"max_levels: 12 seated, cap 12",0.0,1.36,,{},2026-09-06T17:45:27.120744-05:00,2026-09-06T17:45:26.878000-05:00
429,MNQ,2026-09-06:ASIA,1,ASIA,1788734726878,29875.125,OB,OB(bull)·1h,0,0,"max_levels: 12 seated, cap 12",0.0,1.36,,{},2026-09-06T17:45:27.120744-05:00,2026-09-06T17:45:26.878000-05:00
430,MNQ,2026-09-06:ASIA,1,ASIA,1788734726878,29891.625,OB,OB(bull)·4h,0,0,"max_levels: 12 seated, cap 12",0.0,1.36,,{},2026-09-06T17:45:27.120744-05:00,2026-09-06T17:45:26.878000-05:00
431,MNQ,2026-09-06:ASIA,1,ASIA,1788734726878,29927.125,OB,OB(bear)·4h,0,0,"max_levels: 12 seated, cap 12",0.0,1.36,,{},2026-09-06T17:45:27.120744-05:00,2026-09-06T17:45:26.878000-05:00
432,MNQ,2026-09-06:ASIA,1,ASIA,1788734726878,29947.75,OB,OB(bull)·4h,0,0,"max_levels: 12 seated, cap 12",0.0,1.36,,{},2026-09-06T17:45:27.120744-05:00,2026-09-06T17:45:26.878000-05:00
433,MNQ,2026-09-06:ASIA,2,ASIA,1788742873287,29541.25,SWG-L,SWG-L·5m,1,1,,1.36,1.36,A,{},2026-09-06T20:01:13.497096-05:00,2026-09-06T20:01:13.287000-05:00
434,MNQ,2026-09-06:ASIA,2,ASIA,1788742873287,29546.75,SWG-L,SWG-L·5m,2,1,,1.36,1.36,A,{},2026-09-06T20:01:13.497096-05:00,2026-09-06T20:01:13.287000-05:00
435,MNQ,2026-09-06:ASIA,2,ASIA,1788742873287,29553.1555324616,VWAP,VWAP−1σ,3,1,,1.4400000000000002,1.36,A,{},2026-09-06T20:01:13.497096-05:00,2026-09-06T20:01:13.287000-05:00
436,MNQ,2026-09-06:ASIA,2,ASIA,1788742873287,29530.25,ONL,ONL,4,1,,1.36,1.36,A,{},2026-09-06T20:01:13.497096-05:00,2026-09-06T20:01:13.287000-05:00
437,MNQ,2026-09-06:ASIA,2,ASIA,1788742873287,29524.75,PDC,PDC,5,1,,1.92,1.36,A,{},2026-09-06T20:01:13.497096-05:00,2026-09-06T20:01:13.287000-05:00
438,MNQ,2026-09-06:ASIA,2,ASIA,1788742873287,29564.53805773494,VWAP,VWAP,6,1,,1.4400000000000002,1.36,A,{},2026-09-06T20:01:13.497096-05:00,2026-09-06T20:01:13.287000-05:00
439,MNQ,2026-09-06:ASIA,2,ASIA,1788742873287,29574.0,SWG-H,SWG-H·5m,0,0,"max_levels: 12 seated, cap 12",0.0,1.36,,{},2026-09-06T20:01:13.497096-05:00,2026-09-06T20:01:13.287000-05:00
440,MNQ,2026-09-06:ASIA,2,ASIA,1788742873287,29583.5,SWG-H,SWG-H·5m,0,0,"max_levels: 12 seated, cap 12",0.0,1.36,,{},2026-09-06T20:01:13.497096-05:00,2026-09-06T20:01:13.287000-05:00
441,MNQ,2026-09-06:ASIA,2,ASIA,1788742873287,29587.75,ONH,ONH,7,1,,1.36,1.36,A,{},2026-09-06T20:01:13.497096-05:00,2026-09-06T20:01:13.287000-05:00
442,MNQ,2026-09-06:ASIA,2,ASIA,1788742873287,29596.0,EQH,EQH·15m,0,0,"max_levels: 12 seated, cap 12",0.0,1.36,,{},2026-09-06T20:01:13.497096-05:00,2026-09-06T20:01:13.287000-05:00
443,MNQ,2026-09-06:ASIA,2,ASIA,1788742873287,29481.5,EQL,EQL·1h,0,0,"max_levels: 12 seated, cap 12",0.0,1.36,,{},2026-09-06T20:01:13.497096-05:00,2026-09-06T20:01:13.287000-05:00
444,MNQ,2026-09-06:ASIA,2,ASIA,1788742873287,29607.5,OB,OB(bear)·1h,8,1,,1.4784000000000002,1.36,A,{},2026-09-06T20:01:13.497096-05:00,2026-09-06T20:01:13.287000-05:00
445,MNQ,2026-09-06:ASIA,2,ASIA,1788742873287,29468.25,PDL,PDL,9,1,,1.92,1.36,A,{},2026-09-06T20:01:13.497096-05:00,2026-09-06T20:01:13.287000-05:00
446,MNQ,2026-09-06:ASIA,2,ASIA,1788742873287,29464.5,EQL,EQL·15m,0,0,"max_levels: 12 seated, cap 12",0.0,1.36,,{},2026-09-06T20:01:13.497096-05:00,2026-09-06T20:01:13.287000-05:00
447,MNQ,2026-09-06:ASIA,2,ASIA,1788742873287,29448.75,EQL,EQL·1h,0,0,"max_levels: 12 seated, cap 12",0.0,1.36,,{},2026-09-06T20:01:13.497096-05:00,2026-09-06T20:01:13.287000-05:00
448,MNQ,2026-09-06:ASIA,2,ASIA,1788742873287,29445.5,EQH,EQH·15m,0,0,"max_levels: 12 seated, cap 12",0.0,1.36,,{},2026-09-06T20:01:13.497096-05:00,2026-09-06T20:01:13.287000-05:00
449,MNQ,2026-09-06:ASIA,2,ASIA,1788742873287,29666.0,EQL,EQL·4h,0,0,"max_levels: 12 seated, cap 12",0.0,1.36,,{},2026-09-06T20:01:13.497096-05:00,2026-09-06T20:01:13.287000-05:00
450,MNQ,2026-09-06:ASIA,2,ASIA,1788742873287,29677.5,EQH,EQH·1h,0,0,"max_levels: 12 seated, cap 12",0.0,1.36,,{},2026-09-06T20:01:13.497096-05:00,2026-09-06T20:01:13.287000-05:00
451,MNQ,2026-09-06:ASIA,2,ASIA,1788742873287,29688.5,EQH,EQH·1h,0,0,"max_levels: 12 seated, cap 12",0.0,1.36,,{},2026-09-06T20:01:13.497096-05:00,2026-09-06T20:01:13.287000-05:00
452,MNQ,2026-09-06:ASIA,2,ASIA,1788742873287,29692.0,RTH-H,RTH-H,10,1,,1.6,1.36,A,{},2026-09-06T20:01:13.497096-05:00,2026-09-06T20:01:13.287000-05:00
453,MNQ,2026-09-06:ASIA,2,ASIA,1788742873287,29707.5,EQH,EQH·4h,0,0,"max_levels: 12 seated, cap 12",0.0,1.36,,{},2026-09-06T20:01:13.497096-05:00,2026-09-06T20:01:13.287000-05:00
454,MNQ,2026-09-06:ASIA,2,ASIA,1788742873287,29720.0,PDH,PDH,11,1,,1.92,1.36,A,{},2026-09-06T20:01:13.497096-05:00,2026-09-06T20:01:13.287000-05:00
455,MNQ,2026-09-06:ASIA,2,ASIA,1788742873287,29304.625,DEMAND,Demand·1h,12,1,,1.3728,1.36,A,{},2026-09-06T20:01:13.497096-05:00,2026-09-06T20:01:13.287000-05:00
456,MNQ,2026-09-06:ASIA,2,ASIA,1788742873287,29297.31875,nPOC,nPOC·2026-09-02,0,0,"max_levels: 12 seated, cap 12",0.0,1.36,,{},2026-09-06T20:01:13.497096-05:00,2026-09-06T20:01:13.287000-05:00
457,MNQ,2026-09-06:ASIA,3,ASIA,1788754160481,29593.67944758513,VWAP,VWAP+1σ,1,1,,1.4400000000000002,1.3439999999999999,A,{},2026-09-06T23:09:20.590546-05:00,2026-09-06T23:09:20.481000-05:00
458,MNQ,2026-09-06:ASIA,3,ASIA,1788754160481,29583.5,SWG-H,SWG-H·15m,2,1,,1.36,1.3439999999999999,A,{},2026-09-06T23:09:20.590546-05:00,2026-09-06T23:09:20.481000-05:00
459,MNQ,2026-09-06:ASIA,3,ASIA,1788754160481,29597.5,SWG-H,SWG-H·15m,3,1,,1.36,1.3439999999999999,A,{},2026-09-06T23:09:20.590546-05:00,2026-09-06T23:09:20.481000-05:00
460,MNQ,2026-09-06:ASIA,3,ASIA,1788754160481,29575.25,SWG-L,SWG-L·5m,4,1,,1.36,1.3439999999999999,A,{},2026-09-06T23:09:20.590546-05:00,2026-09-06T23:09:20.481000-05:00
461,MNQ,2026-09-06:ASIA,3,ASIA,1788754160481,29611.89913522412,VWAP±2σ,VWAP+2σ,5,1,,1.36,1.3439999999999999,A,{},2026-09-06T23:09:20.590546-05:00,2026-09-06T23:09:20.481000-05:00
462,MNQ,2026-09-06:ASIA,3,ASIA,1788754160481,29619.25,EQH,EQH·1h,6,1,,1.3439999999999999,1.3439999999999999,A,{},2026-09-06T23:09:20.590546-05:00,2026-09-06T23:09:20.481000-05:00
463,MNQ,2026-09-06:ASIA,3,ASIA,1788754160481,29557.24007230715,VWAP,VWAP−1σ,0,0,"max_levels: 12 seated, cap 12",0.0,1.3439999999999999,,{},2026-09-06T23:09:20.590546-05:00,2026-09-06T23:09:20.481000-05:00
464,MNQ,2026-09-06:ASIA,3,ASIA,1788754160481,29623.0,ONH,ONH,7,1,,1.36,1.3439999999999999,A,{},2026-09-06T23:09:20.590546-05:00,2026-09-06T23:09:20.481000-05:00
465,MNQ,2026-09-06:ASIA,3,ASIA,1788754160481,29644.25,EQH,EQH·15m,0,0,"max_levels: 12 seated, cap 12",0.0,1.3439999999999999,,{},2026-09-06T23:09:20.590546-05:00,2026-09-06T23:09:20.481000-05:00
466,MNQ,2026-09-06:ASIA,3,ASIA,1788754160481,29530.25,ONL,ONL,8,1,,1.36,1.3439999999999999,A,{},2026-09-06T23:09:20.590546-05:00,2026-09-06T23:09:20.481000-05:00
467,MNQ,2026-09-06:ASIA,3,ASIA,1788754160481,29524.75,PDC,PDC,9,1,,1.92,1.3439999999999999,A,{},2026-09-06T23:09:20.590546-05:00,2026-09-06T23:09:20.481000-05:00
468,MNQ,2026-09-06:ASIA,3,ASIA,1788754160481,29661.25,EQH,EQH·1h,0,0,"max_levels: 12 seated, cap 12",0.0,1.3439999999999999,,{},2026-09-06T23:09:20.590546-05:00,2026-09-06T23:09:20.481000-05:00
469,MNQ,2026-09-06:ASIA,3,ASIA,1788754160481,29666.0,EQL,EQL·4h,0,0,"max_levels: 12 seated, cap 12",0.0,1.3439999999999999,,{},2026-09-06T23:09:20.590546-05:00,2026-09-06T23:09:20.481000-05:00
470,MNQ,2026-09-06:ASIA,3,ASIA,1788754160481,29677.5,EQH,EQH·1h,0,0,"max_levels: 12 seated, cap 12",0.0,1.3439999999999999,,{},2026-09-06T23:09:20.590546-05:00,2026-09-06T23:09:20.481000-05:00
471,MNQ,2026-09-06:ASIA,3,ASIA,1788754160481,29688.5,EQH,EQH·1h,0,0,"max_levels: 12 seated, cap 12",0.0,1.3439999999999999,,{},2026-09-06T23:09:20.590546-05:00,2026-09-06T23:09:20.481000-05:00
472,MNQ,2026-09-06:ASIA,3,ASIA,1788754160481,29692.0,RTH-H,RTH-H,10,1,,1.6,1.3439999999999999,A,{},2026-09-06T23:09:20.590546-05:00,2026-09-06T23:09:20.481000-05:00
473,MNQ,2026-09-06:ASIA,3,ASIA,1788754160481,29481.5,EQL,EQL·1h,0,0,"max_levels: 12 seated, cap 12",0.0,1.3439999999999999,,{},2026-09-06T23:09:20.590546-05:00,2026-09-06T23:09:20.481000-05:00
474,MNQ,2026-09-06:ASIA,3,ASIA,1788754160481,29707.5,EQH,EQH·4h,0,0,"max_levels: 12 seated, cap 12",0.0,1.3439999999999999,,{},2026-09-06T23:09:20.590546-05:00,2026-09-06T23:09:20.481000-05:00
475,MNQ,2026-09-06:ASIA,3,ASIA,1788754160481,29468.25,PDL,PDL,11,1,,1.92,1.3439999999999999,A,{},2026-09-06T23:09:20.590546-05:00,2026-09-06T23:09:20.481000-05:00
476,MNQ,2026-09-06:ASIA,3,ASIA,1788754160481,29720.0,PDH,PDH,12,1,,1.92,1.3439999999999999,A,{},2026-09-06T23:09:20.590546-05:00,2026-09-06T23:09:20.481000-05:00
477,MNQ,2026-09-06:ASIA,3,ASIA,1788754160481,29448.75,EQL,EQL·1h,0,0,"max_levels: 12 seated, cap 12",0.0,1.3439999999999999,,{},2026-09-06T23:09:20.590546-05:00,2026-09-06T23:09:20.481000-05:00
478,MNQ,2026-09-06:ASIA,3,ASIA,1788754160481,29445.5,EQH,EQH·15m,0,0,"max_levels: 12 seated, cap 12",0.0,1.3439999999999999,,{},2026-09-06T23:09:20.590546-05:00,2026-09-06T23:09:20.481000-05:00
479,MNQ,2026-09-06:ASIA,3,ASIA,1788754160481,29435.75,EQL,EQL·1h,0,0,"max_levels: 12 seated, cap 12",0.0,1.3439999999999999,,{},2026-09-06T23:09:20.590546-05:00,2026-09-06T23:09:20.481000-05:00
480,MNQ,2026-09-06:ASIA,3,ASIA,1788754160481,29424.0,EQL,EQL·1h,0,0,"max_levels: 12 seated, cap 12",0.0,1.3439999999999999,,{},2026-09-06T23:09:20.590546-05:00,2026-09-06T23:09:20.481000-05:00
481,MNQ,2026-09-06:ASIA,4,ASIA,1788754744619,29576.0,SWG-L,SWG-L·5m,1,1,,1.36,1.36,A,{},2026-09-06T23:19:04.810820-05:00,2026-09-06T23:19:04.619000-05:00
482,MNQ,2026-09-06:ASIA,4,ASIA,1788754744619,29593.837466985882,VWAP,VWAP+1σ,2,1,,1.4400000000000002,1.36,A,{},2026-09-06T23:19:04.810820-05:00,2026-09-06T23:19:04.619000-05:00
483,MNQ,2026-09-06:ASIA,4,ASIA,1788754744619,29572.25,SWG-L,SWG-L·5m,3,1,,1.36,1.36,A,{},2026-09-06T23:19:04.810820-05:00,2026-09-06T23:19:04.619000-05:00
484,MNQ,2026-09-06:ASIA,4,ASIA,1788754744619,29597.5,SWG-H,SWG-H·15m,4,1,,1.36,1.36,A,{},2026-09-06T23:19:04.810820-05:00,2026-09-06T23:19:04.619000-05:00
485,MNQ,2026-09-06:ASIA,4,ASIA,1788754744619,29557.5694322348,VWAP,VWAP−1σ,5,1,,1.4400000000000002,1.36,A,{},2026-09-06T23:19:04.810820-05:00,2026-09-06T23:19:04.619000-05:00
486,MNQ,2026-09-06:ASIA,4,ASIA,1788754744619,29611.971484361424,VWAP±2σ,VWAP+2σ,6,1,,1.36,1.36,A,{},2026-09-06T23:19:04.810820-05:00,2026-09-06T23:19:04.619000-05:00
487,MNQ,2026-09-06:ASIA,4,ASIA,1788754744619,29619.25,EQH,EQH·1h,0,0,"max_levels: 12 seated, cap 12",0.0,1.36,,{},2026-09-06T23:19:04.810820-05:00,2026-09-06T23:19:04.619000-05:00
488,MNQ,2026-09-06:ASIA,4,ASIA,1788754744619,29623.0,ONH,ONH,7,1,,1.36,1.36,A,{},2026-09-06T23:19:04.810820-05:00,2026-09-06T23:19:04.619000-05:00
489,MNQ,2026-09-06:ASIA,4,ASIA,1788754744619,29530.25,ONL,ONL,8,1,,1.36,1.36,A,{},2026-09-06T23:19:04.810820-05:00,2026-09-06T23:19:04.619000-05:00
490,MNQ,2026-09-06:ASIA,4,ASIA,1788754744619,29524.75,PDC,PDC,9,1,,1.92,1.36,A,{},2026-09-06T23:19:04.810820-05:00,2026-09-06T23:19:04.619000-05:00
491,MNQ,2026-09-06:ASIA,4,ASIA,1788754744619,29644.25,EQH,EQH·15m,0,0,"max_levels: 12 seated, cap 12",0.0,1.36,,{},2026-09-06T23:19:04.810820-05:00,2026-09-06T23:19:04.619000-05:00
492,MNQ,2026-09-06:ASIA,4,ASIA,1788754744619,29661.25,EQH,EQH·1h,0,0,"max_levels: 12 seated, cap 12",0.0,1.36,,{},2026-09-06T23:19:04.810820-05:00,2026-09-06T23:19:04.619000-05:00
493,MNQ,2026-09-06:ASIA,4,ASIA,1788754744619,29666.0,EQL,EQL·4h,0,0,"max_levels: 12 seated, cap 12",0.0,1.36,,{},2026-09-06T23:19:04.810820-05:00,2026-09-06T23:19:04.619000-05:00
494,MNQ,2026-09-06:ASIA,4,ASIA,1788754744619,29677.5,EQH,EQH·1h,0,0,"max_levels: 12 seated, cap 12",0.0,1.36,,{},2026-09-06T23:19:04.810820-05:00,2026-09-06T23:19:04.619000-05:00
495,MNQ,2026-09-06:ASIA,4,ASIA,1788754744619,29481.5,EQL,EQL·1h,0,0,"max_levels: 12 seated, cap 12",0.0,1.36,,{},2026-09-06T23:19:04.810820-05:00,2026-09-06T23:19:04.619000-05:00
496,MNQ,2026-09-06:ASIA,4,ASIA,1788754744619,29688.5,EQH,EQH·1h,0,0,"max_levels: 12 seated, cap 12",0.0,1.36,,{},2026-09-06T23:19:04.810820-05:00,2026-09-06T23:19:04.619000-05:00
497,MNQ,2026-09-06:ASIA,4,ASIA,1788754744619,29692.0,RTH-H,RTH-H,10,1,,1.6,1.36,A,{},2026-09-06T23:19:04.810820-05:00,2026-09-06T23:19:04.619000-05:00
498,MNQ,2026-09-06:ASIA,4,ASIA,1788754744619,29468.25,PDL,PDL,11,1,,1.92,1.36,A,{},2026-09-06T23:19:04.810820-05:00,2026-09-06T23:19:04.619000-05:00
499,MNQ,2026-09-06:ASIA,4,ASIA,1788754744619,29707.5,EQH,EQH·4h,0,0,"max_levels: 12 seated, cap 12",0.0,1.36,,{},2026-09-06T23:19:04.810820-05:00,2026-09-06T23:19:04.619000-05:00
500,MNQ,2026-09-06:ASIA,4,ASIA,1788754744619,29448.75,EQL,EQL·1h,0,0,"max_levels: 12 seated, cap 12",0.0,1.36,,{},2026-09-06T23:19:04.810820-05:00,2026-09-06T23:19:04.619000-05:00
501,MNQ,2026-09-06:ASIA,4,ASIA,1788754744619,29720.0,PDH,PDH,12,1,,1.92,1.36,A,{},2026-09-06T23:19:04.810820-05:00,2026-09-06T23:19:04.619000-05:00
502,MNQ,2026-09-06:ASIA,4,ASIA,1788754744619,29445.5,EQH,EQH·15m,0,0,"max_levels: 12 seated, cap 12",0.0,1.36,,{},2026-09-06T23:19:04.810820-05:00,2026-09-06T23:19:04.619000-05:00
503,MNQ,2026-09-06:ASIA,4,ASIA,1788754744619,29435.75,EQL,EQL·1h,0,0,"max_levels: 12 seated, cap 12",0.0,1.36,,{},2026-09-06T23:19:04.810820-05:00,2026-09-06T23:19:04.619000-05:00
504,MNQ,2026-09-06:ASIA,4,ASIA,1788754744619,29424.0,EQL,EQL·1h,0,0,"max_levels: 12 seated, cap 12",0.0,1.36,,{},2026-09-06T23:19:04.810820-05:00,2026-09-06T23:19:04.619000-05:00
505,MNQ,2026-09-06:ASIA,5,ASIA,1788757260072,29596.75,SWG-H,SWG-H·5m,1,1,,1.36,1.36,A,{},2026-09-07T00:01:00.275885-05:00,2026-09-07T00:01:00.072000-05:00
506,MNQ,2026-09-06:ASIA,5,ASIA,1788757260072,29611.623962766902,VWAP±2σ,VWAP+2σ,2,1,,1.36,1.36,A,{},2026-09-07T00:01:00.275885-05:00,2026-09-07T00:01:00.072000-05:00
507,MNQ,2026-09-06:ASIA,5,ASIA,1788757260072,29619.25,EQH,EQH·1h,0,0,"max_levels: 12 seated, cap 12",0.0,1.36,,{},2026-09-07T00:01:00.275885-05:00,2026-09-07T00:01:00.072000-05:00
508,MNQ,2026-09-06:ASIA,5,ASIA,1788757260072,29576.0,EQH,EQH·1h,0,0,"max_levels: 12 seated, cap 12",0.0,1.36,,{},2026-09-07T00:01:00.275885-05:00,2026-09-07T00:01:00.072000-05:00
509,MNQ,2026-09-06:ASIA,5,ASIA,1788757260072,29623.0,ONH,ONH,3,1,,1.36,1.36,A,{},2026-09-07T00:01:00.275885-05:00,2026-09-07T00:01:00.072000-05:00
510,MNQ,2026-09-06:ASIA,5,ASIA,1788757260072,29569.5,SWG-L,SWG-L·5m,4,1,,1.36,1.36,A,{},2026-09-07T00:01:00.275885-05:00,2026-09-07T00:01:00.072000-05:00
511,MNQ,2026-09-06:ASIA,5,ASIA,1788757260072,29644.25,EQH,EQH·15m,0,0,"max_levels: 12 seated, cap 12",0.0,1.36,,{},2026-09-07T00:01:00.275885-05:00,2026-09-07T00:01:00.072000-05:00
512,MNQ,2026-09-06:ASIA,5,ASIA,1788757260072,29540.788736396844,VWAP±2σ,VWAP−2σ,5,1,,1.36,1.36,A,{},2026-09-07T00:01:00.275885-05:00,2026-09-07T00:01:00.072000-05:00
513,MNQ,2026-09-06:ASIA,5,ASIA,1788757260072,29661.25,EQH,EQH·1h,0,0,"max_levels: 12 seated, cap 12",0.0,1.36,,{},2026-09-07T00:01:00.275885-05:00,2026-09-07T00:01:00.072000-05:00
514,MNQ,2026-09-06:ASIA,5,ASIA,1788757260072,29666.0,EQL,EQL·4h,0,0,"max_levels: 12 seated, cap 12",0.0,1.36,,{},2026-09-07T00:01:00.275885-05:00,2026-09-07T00:01:00.072000-05:00
515,MNQ,2026-09-06:ASIA,5,ASIA,1788757260072,29530.25,ONL,ONL,6,1,,1.36,1.36,A,{},2026-09-07T00:01:00.275885-05:00,2026-09-07T00:01:00.072000-05:00
516,MNQ,2026-09-06:ASIA,5,ASIA,1788757260072,29524.75,PDC,PDC,7,1,,1.92,1.36,A,{},2026-09-07T00:01:00.275885-05:00,2026-09-07T00:01:00.072000-05:00
517,MNQ,2026-09-06:ASIA,5,ASIA,1788757260072,29677.5,EQH,EQH·1h,0,0,"max_levels: 12 seated, cap 12",0.0,1.36,,{},2026-09-07T00:01:00.275885-05:00,2026-09-07T00:01:00.072000-05:00
518,MNQ,2026-09-06:ASIA,5,ASIA,1788757260072,29688.5,EQH,EQH·1h,0,0,"max_levels: 12 seated, cap 12",0.0,1.36,,{},2026-09-07T00:01:00.275885-05:00,2026-09-07T00:01:00.072000-05:00
519,MNQ,2026-09-06:ASIA,5,ASIA,1788757260072,29692.0,RTH-H,RTH-H,8,1,,1.6,1.36,A,{},2026-09-07T00:01:00.275885-05:00,2026-09-07T00:01:00.072000-05:00
520,MNQ,2026-09-06:ASIA,5,ASIA,1788757260072,29707.5,EQH,EQH·4h,0,0,"max_levels: 12 seated, cap 12",0.0,1.36,,{},2026-09-07T00:01:00.275885-05:00,2026-09-07T00:01:00.072000-05:00
521,MNQ,2026-09-06:ASIA,5,ASIA,1788757260072,29715.75,OB,OB(bull)·1h,9,1,,1.4784000000000002,1.36,A,{},2026-09-07T00:01:00.275885-05:00,2026-09-07T00:01:00.072000-05:00
522,MNQ,2026-09-06:ASIA,5,ASIA,1788757260072,29481.5,EQL,EQL·1h,0,0,"max_levels: 12 seated, cap 12",0.0,1.36,,{},2026-09-07T00:01:00.275885-05:00,2026-09-07T00:01:00.072000-05:00
523,MNQ,2026-09-06:ASIA,5,ASIA,1788757260072,29720.0,PDH,PDH,10,1,,1.92,1.36,A,{},2026-09-07T00:01:00.275885-05:00,2026-09-07T00:01:00.072000-05:00
524,MNQ,2026-09-06:ASIA,5,ASIA,1788757260072,29722.625,DEMAND,Demand·1h,11,1,,1.5100800000000005,1.36,A,{},2026-09-07T00:01:00.275885-05:00,2026-09-07T00:01:00.072000-05:00
525,MNQ,2026-09-06:ASIA,5,ASIA,1788757260072,29468.25,PDL,PDL,12,1,,1.92,1.36,A,{},2026-09-07T00:01:00.275885-05:00,2026-09-07T00:01:00.072000-05:00
526,MNQ,2026-09-06:ASIA,5,ASIA,1788757260072,29448.75,EQL,EQL·1h,0,0,"max_levels: 12 seated, cap 12",0.0,1.36,,{},2026-09-07T00:01:00.275885-05:00,2026-09-07T00:01:00.072000-05:00
527,MNQ,2026-09-06:ASIA,5,ASIA,1788757260072,29445.5,EQH,EQH·15m,0,0,"max_levels: 12 seated, cap 12",0.0,1.36,,{},2026-09-07T00:01:00.275885-05:00,2026-09-07T00:01:00.072000-05:00
528,MNQ,2026-09-06:ASIA,5,ASIA,1788757260072,29435.75,EQL,EQL·1h,0,0,"max_levels: 12 seated, cap 12",0.0,1.36,,{},2026-09-07T00:01:00.275885-05:00,2026-09-07T00:01:00.072000-05:00
529,MNQ,2026-09-07:ASIA,0,ASIA,1788831699442,29674.819649378616,VWAP±2σ,VWAP+2σ,1,1,,1.36,0.8959999999999999,A,{},2026-09-07T20:41:39.734313-05:00,2026-09-07T20:41:39.442000-05:00
530,MNQ,2026-09-07:ASIA,0,ASIA,1788831699442,29687.5,ONH,ONH,2,1,,1.36,0.8959999999999999,A,{},2026-09-07T20:41:39.734313-05:00,2026-09-07T20:41:39.442000-05:00
531,MNQ,2026-09-07:ASIA,0,ASIA,1788831699442,29664.5,SWG-H,SWG-H·15m,3,1,,1.36,0.8959999999999999,A,{},2026-09-07T20:41:39.734313-05:00,2026-09-07T20:41:39.442000-05:00
532,MNQ,2026-09-07:ASIA,0,ASIA,1788831699442,29661.25,EQH,EQH·1h,0,0,"max_levels: 12 seated, cap 12",0.0,0.8959999999999999,,{},2026-09-07T20:41:39.734313-05:00,2026-09-07T20:41:39.442000-05:00
533,MNQ,2026-09-07:ASIA,0,ASIA,1788831699442,29707.5,EQH,EQH·1h,4,1,,1.3439999999999999,0.8959999999999999,A,{},2026-09-07T20:41:39.734313-05:00,2026-09-07T20:41:39.442000-05:00
534,MNQ,2026-09-07:ASIA,0,ASIA,1788831699442,29708.25,OB,OB(bear)·4h,5,1,,1.4976,0.8959999999999999,A,{},2026-09-07T20:41:39.734313-05:00,2026-09-07T20:41:39.442000-05:00
535,MNQ,2026-09-07:ASIA,0,ASIA,1788831699442,29646.0,OR-H,OR-H,6,1,,1.1199999999999999,0.8959999999999999,A,{},2026-09-07T20:41:39.734313-05:00,2026-09-07T20:41:39.442000-05:00
536,MNQ,2026-09-07:ASIA,0,ASIA,1788831699442,29636.641320660714,VWAP,VWAP+1σ,7,1,,1.4400000000000002,0.8959999999999999,A,{},2026-09-07T20:41:39.734313-05:00,2026-09-07T20:41:39.442000-05:00
537,MNQ,2026-09-07:ASIA,0,ASIA,1788831699442,29623.25,SWG-H,SWG-H·15m,0,0,"max_levels: 12 seated, cap 12",0.0,0.8959999999999999,,{},2026-09-07T20:41:39.734313-05:00,2026-09-07T20:41:39.442000-05:00
538,MNQ,2026-09-07:ASIA,0,ASIA,1788831699442,29616.25,EQL,EQL·15m,0,0,"max_levels: 12 seated, cap 12",0.0,0.8959999999999999,,{},2026-09-07T20:41:39.734313-05:00,2026-09-07T20:41:39.442000-05:00
539,MNQ,2026-09-07:ASIA,0,ASIA,1788831699442,29612.25,OR-L,OR-L,8,1,,0.8959999999999999,0.8959999999999999,B,{},2026-09-07T20:41:39.734313-05:00,2026-09-07T20:41:39.442000-05:00
540,MNQ,2026-09-07:ASIA,0,ASIA,1788831699442,29598.75,SWG-H,SWG-H·5m,0,0,"max_levels: 12 seated, cap 12",0.0,0.8959999999999999,,{},2026-09-07T20:41:39.734313-05:00,2026-09-07T20:41:39.442000-05:00
541,MNQ,2026-09-07:ASIA,0,ASIA,1788831699442,29593.875,IFVG,iFVG(bear)·1h,0,0,"max_levels: 12 seated, cap 12",0.0,0.8959999999999999,,{},2026-09-07T20:41:39.734313-05:00,2026-09-07T20:41:39.442000-05:00
542,MNQ,2026-09-07:ASIA,0,ASIA,1788831699442,29583.335416666665,POC,POC,9,1,,1.4400000000000002,0.8959999999999999,A,{},2026-09-07T20:41:39.734313-05:00,2026-09-07T20:41:39.442000-05:00
543,MNQ,2026-09-07:ASIA,0,ASIA,1788831699442,29575.5,EQH,EQH·1h,0,0,"max_levels: 12 seated, cap 12",0.0,0.8959999999999999,,{},2026-09-07T20:41:39.734313-05:00,2026-09-07T20:41:39.442000-05:00
544,MNQ,2026-09-07:ASIA,0,ASIA,1788831699442,29563.75,SWG-L,SWG-L·15m,0,0,"max_levels: 12 seated, cap 12",0.0,0.8959999999999999,,{},2026-09-07T20:41:39.734313-05:00,2026-09-07T20:41:39.442000-05:00
545,MNQ,2026-09-07:ASIA,0,ASIA,1788831699442,29560.28466322491,VWAP,VWAP−1σ,10,1,,1.4400000000000002,0.8959999999999999,A,{},2026-09-07T20:41:39.734313-05:00,2026-09-07T20:41:39.442000-05:00
546,MNQ,2026-09-07:ASIA,0,ASIA,1788831699442,29543.5,EQH,EQH·1h,0,0,"max_levels: 12 seated, cap 12",0.0,0.8959999999999999,,{},2026-09-07T20:41:39.734313-05:00,2026-09-07T20:41:39.442000-05:00
547,MNQ,2026-09-07:ASIA,0,ASIA,1788831699442,29542.25,DEMAND,Demand·1h,11,1,,1.5100800000000005,0.8959999999999999,A,{},2026-09-07T20:41:39.734313-05:00,2026-09-07T20:41:39.442000-05:00
548,MNQ,2026-09-07:ASIA,0,ASIA,1788831699442,29534.0,SWG-L,SWG-L·15m,0,0,"max_levels: 12 seated, cap 12",0.0,0.8959999999999999,,{},2026-09-07T20:41:39.734313-05:00,2026-09-07T20:41:39.442000-05:00
549,MNQ,2026-09-07:ASIA,0,ASIA,1788831699442,29521.75,ONL,ONL,12,1,,1.088,0.8959999999999999,A,{},2026-09-07T20:41:39.734313-05:00,2026-09-07T20:41:39.442000-05:00
550,MNQ,2026-09-07:ASIA,0,ASIA,1788831699442,29845.25,OB,OB(bear)·1h,0,0,"max_levels: 12 seated, cap 12",0.0,0.8959999999999999,,{},2026-09-07T20:41:39.734313-05:00,2026-09-07T20:41:39.442000-05:00
551,MNQ,2026-09-07:ASIA,0,ASIA,1788831699442,29863.5,OB,OB(bull)·4h,0,0,"max_levels: 12 seated, cap 12",0.0,0.8959999999999999,,{},2026-09-07T20:41:39.734313-05:00,2026-09-07T20:41:39.442000-05:00
552,MNQ,2026-09-07:ASIA,0,ASIA,1788831699442,29875.125,OB,OB(bull)·1h,0,0,"max_levels: 12 seated, cap 12",0.0,0.8959999999999999,,{},2026-09-07T20:41:39.734313-05:00,2026-09-07T20:41:39.442000-05:00
553,MNQ,2026-09-07:ASIA,1,ASIA,1788835521622,29686.75,EQH,EQH·1h,0,0,"max_levels: 12 seated, cap 12",0.0,0.5599999999999999,,{},2026-09-07T21:45:21.789404-05:00,2026-09-07T21:45:21.622000-05:00
554,MNQ,2026-09-07:ASIA,1,ASIA,1788835521622,29671.420544072203,VWAP,VWAP+1σ,1,1,,1.4400000000000002,0.5599999999999999,A,{},2026-09-07T21:45:21.789404-05:00,2026-09-07T21:45:21.622000-05:00
555,MNQ,2026-09-07:ASIA,1,ASIA,1788835521622,29708.25,OB,OB(bear)·4h,2,1,,1.4976,0.5599999999999999,A,{},2026-09-07T21:45:21.789404-05:00,2026-09-07T21:45:21.622000-05:00
556,MNQ,2026-09-07:ASIA,1,ASIA,1788835521622,29664.5,SWG-H,SWG-H·15m,3,1,,1.36,0.5599999999999999,A,{},2026-09-07T21:45:21.789404-05:00,2026-09-07T21:45:21.622000-05:00
557,MNQ,2026-09-07:ASIA,1,ASIA,1788835521622,29661.25,EQH,EQH·1h,0,0,"max_levels: 12 seated, cap 12",0.0,0.5599999999999999,,{},2026-09-07T21:45:21.789404-05:00,2026-09-07T21:45:21.622000-05:00
558,MNQ,2026-09-07:ASIA,1,ASIA,1788835521622,29715.75,OB,OB(bull)·1h,4,1,,1.4784000000000002,0.5599999999999999,A,{},2026-09-07T21:45:21.789404-05:00,2026-09-07T21:45:21.622000-05:00
559,MNQ,2026-09-07:ASIA,1,ASIA,1788835521622,29717.5,EQL,EQL·1h,0,0,"max_levels: 12 seated, cap 12",0.0,0.5599999999999999,,{},2026-09-07T21:45:21.789404-05:00,2026-09-07T21:45:21.622000-05:00
560,MNQ,2026-09-07:ASIA,1,ASIA,1788835521622,29721.25,ONH,ONH,5,1,,1.36,0.5599999999999999,A,{},2026-09-07T21:45:21.789404-05:00,2026-09-07T21:45:21.622000-05:00
561,MNQ,2026-09-07:ASIA,1,ASIA,1788835521622,29722.625,DEMAND,Demand·1h,6,1,,1.5100800000000005,0.5599999999999999,A,{},2026-09-07T21:45:21.789404-05:00,2026-09-07T21:45:21.622000-05:00
562,MNQ,2026-09-07:ASIA,1,ASIA,1788835521622,29724.570139439482,VWAP±2σ,VWAP+2σ,7,1,,1.36,0.5599999999999999,A,{},2026-09-07T21:45:21.789404-05:00,2026-09-07T21:45:21.622000-05:00
563,MNQ,2026-09-07:ASIA,1,ASIA,1788835521622,29646.0,OR-H,OR-H,8,1,,1.1199999999999999,0.5599999999999999,A,{},2026-09-07T21:45:21.789404-05:00,2026-09-07T21:45:21.622000-05:00
564,MNQ,2026-09-07:ASIA,1,ASIA,1788835521622,29623.25,SWG-H,SWG-H·15m,9,1,,1.36,0.5599999999999999,A,{},2026-09-07T21:45:21.789404-05:00,2026-09-07T21:45:21.622000-05:00
565,MNQ,2026-09-07:ASIA,1,ASIA,1788835521622,29612.25,OR-L,OR-L,10,1,,0.5599999999999999,0.5599999999999999,C,{},2026-09-07T21:45:21.789404-05:00,2026-09-07T21:45:21.622000-05:00
566,MNQ,2026-09-07:ASIA,1,ASIA,1788835521622,29583.335416666665,POC,POC,11,1,,1.4400000000000002,0.5599999999999999,A,{},2026-09-07T21:45:21.789404-05:00,2026-09-07T21:45:21.622000-05:00
567,MNQ,2026-09-07:ASIA,1,ASIA,1788835521622,29575.5,EQH,EQH·1h,0,0,"max_levels: 12 seated, cap 12",0.0,0.5599999999999999,,{},2026-09-07T21:45:21.789404-05:00,2026-09-07T21:45:21.622000-05:00
568,MNQ,2026-09-07:ASIA,1,ASIA,1788835521622,29563.75,SWG-L,SWG-L·15m,0,0,"max_levels: 12 seated, cap 12",0.0,0.5599999999999999,,{},2026-09-07T21:45:21.789404-05:00,2026-09-07T21:45:21.622000-05:00
569,MNQ,2026-09-07:ASIA,1,ASIA,1788835521622,29543.5,EQH,EQH·1h,0,0,"max_levels: 12 seated, cap 12",0.0,0.5599999999999999,,{},2026-09-07T21:45:21.789404-05:00,2026-09-07T21:45:21.622000-05:00
570,MNQ,2026-09-07:ASIA,1,ASIA,1788835521622,29534.0,SWG-L,SWG-L·15m,0,0,"max_levels: 12 seated, cap 12",0.0,0.5599999999999999,,{},2026-09-07T21:45:21.789404-05:00,2026-09-07T21:45:21.622000-05:00
571,MNQ,2026-09-07:ASIA,1,ASIA,1788835521622,29845.25,OB,OB(bear)·1h,0,0,"max_levels: 12 seated, cap 12",0.0,0.5599999999999999,,{},2026-09-07T21:45:21.789404-05:00,2026-09-07T21:45:21.622000-05:00
572,MNQ,2026-09-07:ASIA,1,ASIA,1788835521622,29848.75,SUPPLY,Supply·1h,0,0,"max_levels: 12 seated, cap 12",0.0,0.5599999999999999,,{},2026-09-07T21:45:21.789404-05:00,2026-09-07T21:45:21.622000-05:00
573,MNQ,2026-09-07:ASIA,1,ASIA,1788835521622,29521.75,ONL,ONL,12,1,,0.68,0.5599999999999999,C,{},2026-09-07T21:45:21.789404-05:00,2026-09-07T21:45:21.622000-05:00
574,MNQ,2026-09-07:ASIA,1,ASIA,1788835521622,29514.0,EQL,EQL·1h,0,0,"max_levels: 12 seated, cap 12",0.0,0.5599999999999999,,{},2026-09-07T21:45:21.789404-05:00,2026-09-07T21:45:21.622000-05:00
575,MNQ,2026-09-07:ASIA,1,ASIA,1788835521622,29863.5,OB,OB(bull)·4h,0,0,"max_levels: 12 seated, cap 12",0.0,0.5599999999999999,,{},2026-09-07T21:45:21.789404-05:00,2026-09-07T21:45:21.622000-05:00
576,MNQ,2026-09-07:ASIA,1,ASIA,1788835521622,29875.125,OB,OB(bull)·1h,0,0,"max_levels: 12 seated, cap 12",0.0,0.5599999999999999,,{},2026-09-07T21:45:21.789404-05:00,2026-09-07T21:45:21.622000-05:00
577,MNQ,2026-09-07:ASIA,2,ASIA,1788836728150,29666.0,EQL,EQL·4h,0,0,"max_levels: 12 seated, cap 12",0.0,0.5599999999999999,,{},2026-09-07T22:05:28.271688-05:00,2026-09-07T22:05:28.150000-05:00
578,MNQ,2026-09-07:ASIA,2,ASIA,1788836728150,29662.5,SWG-H,SWG-H·5m,1,1,,1.36,0.5599999999999999,A,{},2026-09-07T22:05:28.271688-05:00,2026-09-07T22:05:28.150000-05:00
579,MNQ,2026-09-07:ASIA,2,ASIA,1788836728150,29675.219334744947,VWAP,VWAP+1σ,2,1,,1.4400000000000002,0.5599999999999999,A,{},2026-09-07T22:05:28.271688-05:00,2026-09-07T22:05:28.150000-05:00
580,MNQ,2026-09-07:ASIA,2,ASIA,1788836728150,29646.0,OR-H,OR-H,3,1,,1.1199999999999999,0.5599999999999999,A,{},2026-09-07T22:05:28.271688-05:00,2026-09-07T22:05:28.150000-05:00
581,MNQ,2026-09-07:ASIA,2,ASIA,1788836728150,29686.75,EQH,EQH·1h,0,0,"max_levels: 12 seated, cap 12",0.0,0.5599999999999999,,{},2026-09-07T22:05:28.271688-05:00,2026-09-07T22:05:28.150000-05:00
582,MNQ,2026-09-07:ASIA,2,ASIA,1788836728150,29708.25,OB,OB(bear)·4h,4,1,,1.4976,0.5599999999999999,A,{},2026-09-07T22:05:28.271688-05:00,2026-09-07T22:05:28.150000-05:00
583,MNQ,2026-09-07:ASIA,2,ASIA,1788836728150,29621.972714910724,VWAP,VWAP,5,1,,1.4400000000000002,0.5599999999999999,A,{},2026-09-07T22:05:28.271688-05:00,2026-09-07T22:05:28.150000-05:00
584,MNQ,2026-09-07:ASIA,2,ASIA,1788836728150,29717.5,EQL,EQL·1h,0,0,"max_levels: 12 seated, cap 12",0.0,0.5599999999999999,,{},2026-09-07T22:05:28.271688-05:00,2026-09-07T22:05:28.150000-05:00
585,MNQ,2026-09-07:ASIA,2,ASIA,1788836728150,29612.25,OR-L,OR-L,6,1,,0.5599999999999999,0.5599999999999999,C,{},2026-09-07T22:05:28.271688-05:00,2026-09-07T22:05:28.150000-05:00
586,MNQ,2026-09-07:ASIA,2,ASIA,1788836728150,29721.25,ONH,ONH,7,1,,1.36,0.5599999999999999,A,{},2026-09-07T22:05:28.271688-05:00,2026-09-07T22:05:28.150000-05:00
587,MNQ,2026-09-07:ASIA,2,ASIA,1788836728150,29722.625,DEMAND,Demand·1h,8,1,,1.5100800000000005,0.5599999999999999,A,{},2026-09-07T22:05:28.271688-05:00,2026-09-07T22:05:28.150000-05:00
588,MNQ,2026-09-07:ASIA,2,ASIA,1788836728150,29728.46595457917,VWAP±2σ,VWAP+2σ,9,1,,1.36,0.5599999999999999,A,{},2026-09-07T22:05:28.271688-05:00,2026-09-07T22:05:28.150000-05:00
589,MNQ,2026-09-07:ASIA,2,ASIA,1788836728150,29583.335416666665,POC,POC,10,1,,1.4400000000000002,0.5599999999999999,A,{},2026-09-07T22:05:28.271688-05:00,2026-09-07T22:05:28.150000-05:00
590,MNQ,2026-09-07:ASIA,2,ASIA,1788836728150,29575.5,EQH,EQH·1h,0,0,"max_levels: 12 seated, cap 12",0.0,0.5599999999999999,,{},2026-09-07T22:05:28.271688-05:00,2026-09-07T22:05:28.150000-05:00
591,MNQ,2026-09-07:ASIA,2,ASIA,1788836728150,29568.7260950765,VWAP,VWAP−1σ,11,1,,1.4400000000000002,0.5599999999999999,A,{},2026-09-07T22:05:28.271688-05:00,2026-09-07T22:05:28.150000-05:00
592,MNQ,2026-09-07:ASIA,2,ASIA,1788836728150,29563.75,SWG-L,SWG-L·15m,0,0,"max_levels: 12 seated, cap 12",0.0,0.5599999999999999,,{},2026-09-07T22:05:28.271688-05:00,2026-09-07T22:05:28.150000-05:00
593,MNQ,2026-09-07:ASIA,2,ASIA,1788836728150,29543.5,EQH,EQH·1h,0,0,"max_levels: 12 seated, cap 12",0.0,0.5599999999999999,,{},2026-09-07T22:05:28.271688-05:00,2026-09-07T22:05:28.150000-05:00
594,MNQ,2026-09-07:ASIA,2,ASIA,1788836728150,29534.0,SWG-L,SWG-L·15m,0,0,"max_levels: 12 seated, cap 12",0.0,0.5599999999999999,,{},2026-09-07T22:05:28.271688-05:00,2026-09-07T22:05:28.150000-05:00
595,MNQ,2026-09-07:ASIA,2,ASIA,1788836728150,29521.75,ONL,ONL,12,1,,0.68,0.5599999999999999,C,{},2026-09-07T22:05:28.271688-05:00,2026-09-07T22:05:28.150000-05:00
596,MNQ,2026-09-07:ASIA,2,ASIA,1788836728150,29515.47947524228,VWAP±2σ,VWAP−2σ,0,0,"max_levels: 12 seated, cap 12",0.0,0.5599999999999999,,{},2026-09-07T22:05:28.271688-05:00,2026-09-07T22:05:28.150000-05:00
597,MNQ,2026-09-07:ASIA,2,ASIA,1788836728150,29845.25,OB,OB(bear)·1h,0,0,"max_levels: 12 seated, cap 12",0.0,0.5599999999999999,,{},2026-09-07T22:05:28.271688-05:00,2026-09-07T22:05:28.150000-05:00
598,MNQ,2026-09-07:ASIA,2,ASIA,1788836728150,29848.75,SUPPLY,Supply·1h,0,0,"max_levels: 12 seated, cap 12",0.0,0.5599999999999999,,{},2026-09-07T22:05:28.271688-05:00,2026-09-07T22:05:28.150000-05:00
599,MNQ,2026-09-07:ASIA,2,ASIA,1788836728150,29852.375,DEMAND,Demand·4h,0,0,"max_levels: 12 seated, cap 12",0.0,0.5599999999999999,,{},2026-09-07T22:05:28.271688-05:00,2026-09-07T22:05:28.150000-05:00
600,MNQ,2026-09-07:ASIA,2,ASIA,1788836728150,29863.5,OB,OB(bull)·4h,0,0,"max_levels: 12 seated, cap 12",0.0,0.5599999999999999,,{},2026-09-07T22:05:28.271688-05:00,2026-09-07T22:05:28.150000-05:00
